Date,east,siberia,south,volga,ural,center,northwest,sum
01-01-2019,135.492,615.794,264.035,334.046,749.597,631.081,337.766,3067.811
02-01-2019,137.733,632.423,273.416,319.276,779.697,652.594,344.72,3139.859
03-01-2019,139.345,645.75,287.602,331.398,789.589,640.97,354.79,3189.444
04-01-2019,141.024,649.247,292.946,333.103,797.189,641.685,371.558,3226.752
05-01-2019,140.699,648.043,288.511,337.266,800.883,656.508,374.758,3246.668
06-01-2019,141.504,641.606,289.195,342.072,777.737,667.552,375.887,3235.553
07-01-2019,141.659,614.856,283.438,348.598,789.599,672.399,374.546,3225.095
08-01-2019,143.727,631.664,314.206,353.4,785.566,684.388,368.863,3281.814
09-01-2019,145.863,638.64,348.802,370.384,811.822,694.582,376.55,3386.643
10-01-2019,144.549,646.059,334.304,368.066,823.824,713.74,381.599,3412.141
11-01-2019,144.285,654.435,334.108,368.451,825.315,718.274,381.891,3426.759
12-01-2019,144.248,647.015,326.25,345.992,813.95,698.918,379.919,3356.292
13-01-2019,144.821,645.762,307.527,339.16,782.007,693.202,373.925,3286.404
14-01-2019,147.419,658.531,317.414,352.876,803.952,715.154,373.425,3368.771
15-01-2019,148.952,651.236,315.16,350.837,805.79,719.514,372.55,3364.039
16-01-2019,149.375,647.359,316.522,350.934,817.702,717.376,379.88,3379.148
17-01-2019,151.38,649.43,314.145,354.092,811.282,733.343,380.629,3394.301
18-01-2019,149.899,651.119,316.027,349.127,808.059,718.227,382.583,3375.041
19-01-2019,144.853,636.575,304.747,336.513,791.369,698.463,377.329,3289.849
20-01-2019,144.859,630.261,299.717,340.565,782.461,697.615,379.486,3274.964
21-01-2019,148.922,635.743,313.152,353.857,805.229,746.164,379.871,3382.938
22-01-2019,147.792,641.187,322.193,363.182,804.021,776.388,360.987,3415.75
23-01-2019,147.605,650.161,333.74,367.777,812.954,805.396,357.645,3475.278
24-01-2019,145.03,659.935,322.432,367.493,824.123,802.806,357.305,3479.124
25-01-2019,145.491,653.297,326.749,369.971,824.44,803.614,357.142,3480.704
26-01-2019,142.204,650.221,310.936,354.103,822.415,772.622,362.903,3415.404
27-01-2019,141.272,644.938,300.099,352.792,818.61,760.253,345.461,3363.425
28-01-2019,143.673,662.908,322.296,359.777,837.318,777.116,353.982,3457.07
29-01-2019,143.164,667.072,313.011,358.935,830.463,772.456,349.432,3434.533
31-01-2019,146.313,653.52,309.372,352.53,835.749,748.269,362.042,3407.795
01-02-2019,146.541,665.771,301.024,352.583,827.553,745.947,373.301,3412.72
02-02-2019,145.086,671.154,291.927,342.439,820.092,718.86,369.745,3359.303
03-02-2019,143.184,667.379,292.233,333.606,809.852,708.351,365.329,3319.934
04-02-2019,147.228,676.086,303.663,351.029,851.674,723.836,371.689,3425.205
05-02-2019,144.06,685.401,301.688,351.293,854.316,728.802,374.67,3440.23
06-02-2019,145.984,691.41,302.805,350.371,850.575,740.329,377.093,3458.567
07-02-2019,147.031,693.286,305.284,349.219,843.798,738.173,380.528,3457.319
08-02-2019,147.508,692.675,305.658,353.643,824.153,744.383,365.467,3433.487
09-02-2019,145.385,689.66,298.068,344.498,793.794,718.773,365.476,3355.654
10-02-2019,144.051,685.016,305.645,342.053,769.917,697.131,354.489,3298.302
11-02-2019,146.588,696.779,310.367,354.745,788.686,733.262,356.073,3386.5
12-02-2019,146.525,694.782,305.623,354.663,781.787,739.788,352.476,3375.644
13-02-2019,145.826,686.138,305.924,353.859,775.449,743.949,353.007,3364.152
14-02-2019,143.127,662.916,309.193,350.545,784.444,744.706,352.733,3347.664
15-02-2019,140.154,650.681,317.285,352.014,787.599,743.801,336.709,3328.243
16-02-2019,135.859,632.312,308.107,337.393,774.072,726.005,332.205,3245.953
17-02-2019,133.68,620.398,288.83,330.694,758.325,715.22,347.613,3194.76
18-02-2019,134.162,629.469,302.409,347.906,777.559,731.431,356.173,3279.109
19-02-2019,134.649,623.878,305.366,353.427,789.3,720.005,353.114,3279.739
20-02-2019,134.338,608.632,314.01,345.558,810.389,726.587,351.268,3290.782
21-02-2019,131.728,615.02,319.412,343.328,808.074,728.813,347.832,3294.207
22-02-2019,131.417,607.134,305.779,343.38,803.922,750.018,357.312,3298.962
23-02-2019,129.075,598.47,301.476,340.687,792.365,724.713,335.596,3222.382
24-02-2019,128.921,600.056,304.945,336.794,771.163,704.429,348.32,3194.628
25-02-2019,130.824,616.261,315.918,347.444,793.19,732.895,352.471,3289.003
26-02-2019,130.976,621.486,314.42,342.392,782.76,729.591,351.063,3272.688
27-02-2019,128.904,613.989,314.73,343.543,783.487,729.328,354.896,3268.877
28-02-2019,127.236,616.542,314.334,319.057,779.288,740.82,352.284,3249.561
02-03-2019,127.113,606.836,313.34,306.716,770.571,717.761,356.04,3198.377
03-03-2019,125.238,608.509,309.45,307.681,756.812,715.098,351.134,3173.922
04-03-2019,127.162,613.69,318.727,322.345,766.188,742.19,349.085,3239.387
05-03-2019,125.686,610.839,312.4,317.674,773.047,731.708,342.971,3214.325
06-03-2019,126.529,616.163,308.56,306.912,775.2,737.983,344.782,3216.129
07-03-2019,125.942,614.455,299.002,319.225,766.377,729.313,341.75,3196.064
08-03-2019,124.48,598.387,285.25,301.813,744.549,690.605,341.704,3086.788
09-03-2019,124.415,603.345,280.777,297.249,757.305,686.717,327.716,3077.524
10-03-2019,123.929,605.354,280.944,291.937,751.12,689.231,332.983,3075.498
11-03-2019,125.299,613.048,293.597,305.921,763.722,717.94,336.548,3156.075
12-03-2019,127.101,608.646,292.35,303.069,751.872,720.132,341.089,3144.259
13-03-2019,127.969,605.781,298.738,309.769,747.186,724.739,340.062,3154.244
14-03-2019,124.887,600.02,300.655,314.699,745.997,726.895,341.278,3154.431
15-03-2019,125.508,592.651,298.203,319.351,757.105,716.736,340.096,3149.65
16-03-2019,122.968,584.226,296.437,297.133,771.184,699.139,338.415,3109.502
17-03-2019,122.094,584.382,292.558,296.316,758.071,680.048,331.725,3065.194
18-03-2019,123.108,606.662,296.217,299.922,768.857,703.019,332.987,3130.772
19-03-2019,118.984,596.633,295.919,300.353,763.401,711.19,328.765,3115.245
20-03-2019,117.254,599.708,289.442,297.959,759.895,703.836,330.74,3098.834
21-03-2019,120.792,600.477,291.131,301.397,754.669,702.959,331.578,3103.003
22-03-2019,123.773,601.031,288.942,299.657,754.319,700.065,334.238,3102.025
23-03-2019,125.283,580.128,282.96,282.95,745.406,699.447,334.689,3050.863
24-03-2019,125.579,569.36,278.79,279.747,738.717,694.448,330.606,3017.247
25-03-2019,125.76,578.005,287.33,297.548,744.661,713.156,331.62,3078.08
26-03-2019,125.783,582.748,290.711,299.361,740.568,708.167,332.466,3079.804
27-03-2019,122.906,586.386,297.295,298.535,741.157,703.95,331.069,3081.298
28-03-2019,122.889,590.683,296.558,308.488,733.357,699.036,328.484,3079.495
29-03-2019,121.903,589.673,297.866,306.977,728.031,695.384,330.916,3070.75
30-03-2019,121.058,580.055,281.716,295.99,730.246,658.776,336.053,3003.894
01-04-2019,129.674,569.529,290.989,291.283,740.61,671.568,315.39,3009.043
02-04-2019,129.437,566.741,294.258,289.402,732.425,676.333,310.966,2999.562
03-04-2019,126.396,571.229,300.105,292.205,732.595,683.073,306.287,3011.89
04-04-2019,123.963,566.91,295.617,293.905,738.706,668.57,311.178,2998.849
05-04-2019,124.216,572.104,292.188,296.028,732.058,662.874,315.794,2995.262
06-04-2019,124.215,567.326,287.97,283.952,726.111,634.744,321.455,2945.773
07-04-2019,122.484,559.786,273.961,276.829,732.487,611.317,311.844,2888.708
08-04-2019,124.281,564.547,287.257,296.248,748.878,628.042,317.889,2967.142
09-04-2019,122.707,562.372,281.612,292.244,740.434,628.237,302.155,2929.761
10-04-2019,123.037,564.296,278.44,293.166,730.683,627.44,304.695,2921.757
11-04-2019,122.475,568.106,278.45,291.227,713.838,636.465,299.647,2910.208
12-04-2019,121.261,572.237,279.255,295.218,694.928,654.665,293.383,2910.947
13-04-2019,121.528,568.971,272.136,285.123,692.846,638.116,308.003,2886.723
14-04-2019,122.527,554.365,268.364,295.143,703.253,621.322,303.88,2868.854
15-04-2019,122.681,570.939,278.938,306.655,729.991,627.25,299.183,2935.637
16-04-2019,122.295,567.792,280.42,301.423,733.073,627.513,286.511,2919.027
17-04-2019,121.455,565.615,277.565,299.615,742.724,630.145,291.844,2928.963
18-04-2019,121.168,567.482,286.43,298.028,735.517,638.299,291.035,2937.959
19-04-2019,123.87,571.205,289.223,298.159,732.305,629.698,293.614,2938.074
20-04-2019,119.49,558.517,281.115,292.441,742.579,595.83,301.544,2891.516
21-04-2019,106.916,551.089,280.503,289.712,717.7,563.729,287.176,2796.825
22-04-2019,107.537,557.089,288.936,309.651,727.054,580.569,288.079,2858.915
23-04-2019,109.673,552.48,287.326,310.865,703.271,570.763,288.212,2822.59
24-04-2019,108.967,546.95,278.894,305.007,707.205,567.169,286.886,2801.078
25-04-2019,106.361,549.14,275.282,294.894,721.861,562.33,283.247,2793.115
26-04-2019,105.236,540.624,269.838,291.832,732.839,554.315,281.399,2776.083
27-04-2019,100.096,545.123,265.506,289.254,736.608,523.534,280.891,2741.012
28-04-2019,96.792,530.33,254.954,264.949,698.122,518.719,288.221,2652.087
29-04-2019,101.095,544.741,263.344,282.009,739.246,540.422,280.601,2751.458
01-05-2019,100.259,526.537,245.699,270.277,709.799,528.713,266.878,2648.162
02-05-2019,97.624,539.036,248.152,270.052,698.192,518.233,281.208,2652.497
03-05-2019,96.565,546.144,255.551,263.139,705.624,547.482,271.552,2686.057
04-05-2019,94.161,543.327,250.05,263.562,706.079,554.976,265.715,2677.87
05-05-2019,97.55,539.456,246.992,263.939,684.431,551.594,264.28,2648.242
06-05-2019,101.97,539.899,251.415,271.767,673.879,560.863,277.928,2677.721
07-05-2019,101.177,529.532,255.023,269.2,659.317,543.691,287.441,2645.381
08-05-2019,100.233,520.065,253.99,268.61,663.372,540.992,283.411,2630.673
09-05-2019,96.04,515.721,246.824,262.681,654.376,496.734,273.196,2545.572
10-05-2019,95.267,521.566,254.963,269.144,657.362,507.921,272.251,2578.474
11-05-2019,104.008,523.486,254.76,266.015,649.558,520.727,270.781,2589.335
12-05-2019,104.834,513.883,258.574,267.721,643.472,516.765,278.333,2583.582
13-05-2019,108.437,528.852,269.567,273.48,658.497,539.388,285.067,2663.288
14-05-2019,108.463,537.319,263.964,275.34,673.396,534.722,287.726,2680.93
15-05-2019,108.432,532.012,263.61,270.609,675.609,543.156,289.821,2683.249
16-05-2019,108.138,533.129,262.478,273.606,672.383,541.729,286.674,2678.137
17-05-2019,107.553,535.656,263.434,258.667,690.299,544.598,285.457,2685.664
18-05-2019,105.15,529.195,258.094,254.658,695.689,508.625,283.389,2634.8
19-05-2019,104.629,515.678,247.538,255.084,686.195,506.062,274.613,2589.799
20-05-2019,109.701,520.532,259.664,253.207,699.856,529.737,283.295,2655.992
21-05-2019,107.665,512.338,257.149,241.69,716.098,535.12,281.515,2651.575
22-05-2019,107.78,511.309,253.093,236.242,715.373,549.728,276.398,2649.923
23-05-2019,103.55,513.85,256.326,238.923,716.528,545.059,279.493,2653.729
24-05-2019,102.701,521.955,255.348,238.223,706.598,547.63,291.507,2663.962
25-05-2019,99.599,514.439,249.274,239.029,696.43,521.302,297.672,2617.745
26-05-2019,98.356,518.04,239.641,240.237,672.807,500.246,303.884,2573.211
27-05-2019,104.2,529.439,246.361,247.74,664.356,537.07,316.509,2645.675
28-05-2019,107.774,520.353,257.026,248.605,657.122,544.789,308.182,2643.851
29-05-2019,105.822,506.835,254.708,249.747,652.811,551.916,306.778,2628.617
31-05-2019,103.328,501.657,257.035,249.756,667.565,547.293,294.096,2620.73
01-06-2019,98.685,495.939,244.824,253.41,661.034,520.413,293.943,2568.248
02-06-2019,99.33,490.003,243.939,255.23,652.941,504.122,298.57,2544.135
03-06-2019,101.888,504.808,260.83,261.617,679.722,519.202,298.051,2626.118
04-06-2019,100.055,498.234,272.225,264.172,672.509,509.59,301.511,2618.296
05-06-2019,99.217,493.322,276.344,256.333,691.057,515.467,291.871,2623.611
06-06-2019,100.683,491.982,272.575,258.841,677.675,533.967,285.192,2620.915
07-06-2019,99.593,489.655,266.219,258.538,685.195,547.693,293.853,2640.746
08-06-2019,97.942,486.404,254.546,240.559,678.797,518.768,283.823,2560.839
09-06-2019,98.095,485.197,254.093,235.938,663.207,514.265,280.001,2530.796
10-06-2019,100.658,488.604,267.631,264.295,669.895,562.578,287.751,2641.412
11-06-2019,100.138,490.286,274.096,265.475,670.768,570.666,278.542,2649.971
12-06-2019,100.77,479.72,265.997,247.229,663.869,556.266,274.566,2588.417
13-06-2019,102.946,484.214,275.341,257.283,675.2,562.776,272.542,2630.302
14-06-2019,102.539,486.413,275.817,255.442,673.664,562.708,276.899,2633.482
15-06-2019,100.297,489.905,276.382,249.083,665.825,517.74,281.466,2580.698
16-06-2019,97.343,487.917,269.567,243.585,656.139,498.381,269.822,2522.754
17-06-2019,100.186,497.505,284.946,262.442,679.487,536.557,270.851,2631.974
18-06-2019,101.341,493.594,290.624,270.747,686.938,545.132,268.267,2656.643
19-06-2019,101.022,491.486,298.754,273.238,682.623,561.459,261.916,2670.498
20-06-2019,102.281,489.178,298.335,265.568,681.257,570.979,279.698,2687.296
21-06-2019,100.276,499.975,298.333,268.428,676.121,573.564,280.019,2696.716
22-06-2019,97.052,504.552,289.348,246.332,659.425,531.737,277.409,2605.855
23-06-2019,96.797,498.891,284.739,257.282,638.456,523.014,271.951,2571.13
24-06-2019,101.325,502.739,302.201,281.171,657.597,552.752,279.148,2676.933
25-06-2019,100.848,496.268,301.488,279.875,666.028,545.03,285.279,2674.816
26-06-2019,101.443,489.589,300.87,279.525,668.069,546.327,282.266,2668.089
27-06-2019,99.451,484.109,292.744,276.526,666.494,553.856,273.417,2646.597
28-06-2019,98.45,485.665,288.022,269.266,670.833,550.435,278.266,2640.937
30-06-2019,94.948,478.435,252.798,243.882,620.093,524.869,258.612,2473.637
01-07-2019,94.296,491.476,258.809,270.965,641.144,536.227,248.016,2540.933
02-07-2019,93.617,490.503,265.805,267.328,634.434,552.647,250.273,2554.607
03-07-2019,94.566,484.888,277.969,264.189,638.701,563.279,255.409,2579.001
04-07-2019,93.511,492.255,282.378,262.74,645.8,550.367,255.287,2582.338
05-07-2019,92.607,488.535,275.874,260.75,652.314,562.373,256.004,2588.457
06-07-2019,90.686,475.488,260.393,246.335,638.504,549.294,254.442,2515.142
07-07-2019,90.635,473.637,256.839,238.296,627.999,534.006,256.437,2477.849
08-07-2019,98.347,489.952,273.466,262.997,646.128,566.857,255.548,2593.295
09-07-2019,104.051,494.031,269.837,244.175,647.033,571.418,258.961,2589.506
10-07-2019,102.506,493.241,261.812,243.974,646.26,570.71,256.534,2575.037
11-07-2019,102.581,500.076,259.357,248.853,643.118,567.855,258.722,2580.562
12-07-2019,102.738,500.471,263.879,265.819,641.992,553.611,258.281,2586.791
13-07-2019,98.69,498.444,252.81,255.746,638.671,519.906,270.96,2535.227
14-07-2019,97.666,488.579,252.149,260.341,614.334,510.658,270.572,2494.299
15-07-2019,100.207,499.361,265.404,276.398,619.47,538.754,264.988,2564.582
16-07-2019,102.705,500.703,265.215,273.486,629.658,535.976,260.795,2568.538
17-07-2019,103.295,503.835,264.879,275.264,636.98,539.406,260.37,2584.029
18-07-2019,101.812,507.066,275.173,282.622,656.149,508.871,266.366,2598.059
19-07-2019,101.609,498.182,268.935,291.121,657.219,518.583,272.055,2607.704
20-07-2019,99.654,495.644,262.102,265.212,647.549,515.094,270.416,2555.671
21-07-2019,100.311,497.793,256.996,253.501,635.292,517.663,261.339,2522.895
22-07-2019,104.464,504.916,261.858,266.057,655.459,545.421,263.15,2601.325
23-07-2019,106.032,501.04,265.648,270.116,666.434,542.882,259.649,2611.801
24-07-2019,102.775,497.245,269.087,277.411,671.207,534.455,264.588,2616.768
25-07-2019,104.032,494.847,270.847,276.071,668.607,545.741,262.469,2622.614
26-07-2019,102.77,499.782,269.285,276.389,670.996,539.342,263.882,2622.446
27-07-2019,101.084,496.577,248.177,246.451,670.082,532.1,262.41,2556.881
28-07-2019,101.442,494.62,260.04,243.402,648.731,518.103,260.663,2527.001
30-07-2019,103.02,496.1,272.102,257.15,672.878,561.355,261.151,2623.756
31-07-2019,101.356,495.576,271.339,269.897,676.085,574.127,260.321,2648.701
01-08-2019,91.649,489.256,264.66,262.448,656.852,577.053,265.906,2607.824
02-08-2019,93.558,492.06,252.989,264.995,656.361,577.581,269.237,2606.781
03-08-2019,91.394,487.636,247.73,249.51,647.982,563.509,276.036,2563.797
04-08-2019,97.037,488.381,243.797,241.05,645.095,548.249,274.658,2538.267
05-08-2019,102.472,502.651,244.671,255.25,647.173,589.949,273.725,2615.891
06-08-2019,100.865,501.31,242.523,267.411,625.552,605.387,271.353,2614.401
07-08-2019,100.571,500.427,241.403,263.712,638.924,585.215,272.076,2602.328
08-08-2019,101.338,499.524,249.881,267.696,634.471,594.479,274.354,2621.743
09-08-2019,99.705,501.948,257.305,264.751,649.626,593.12,273.196,2639.651
10-08-2019,95.55,492.611,252.895,251.728,660.408,585.857,255.796,2594.845
11-08-2019,96.422,498.777,241.305,244.259,646.182,569.834,259.482,2556.261
12-08-2019,99.136,504.117,251.909,271.447,666.483,581.772,265.784,2640.648
13-08-2019,99.819,504.516,255.129,258.876,656.154,597.807,270.335,2642.636
14-08-2019,101.402,497.982,260.192,268.078,648.812,593.909,267.736,2638.111
15-08-2019,101.186,497.195,268.513,263.598,652.933,600.857,267.523,2651.805
16-08-2019,101.111,499.895,267.877,256.574,661.204,597.643,266.827,2651.131
17-08-2019,98.408,501.399,257.286,255.815,651.019,581.264,260.939,2606.13
18-08-2019,98.546,499.544,239.177,249.075,650.112,575.236,252.3,2563.99
19-08-2019,102.773,500.467,256.407,271.629,670.982,595.937,254.978,2653.173
20-08-2019,102.849,500.03,272.995,278.95,672.493,595.65,255.624,2678.591
21-08-2019,104.307,503.682,285.771,283.294,666.277,597.057,250.401,2690.789
22-08-2019,102.642,504.157,292.573,273.49,668.582,592.76,255.511,2689.715
23-08-2019,100.041,504.729,293.999,284.079,674.43,579.961,260.118,2697.357
24-08-2019,97.392,496.505,278.692,275.302,664.592,565.859,257.087,2635.429
25-08-2019,97.733,498.06,264.018,267.159,658.101,550.577,261.867,2597.515
26-08-2019,102.095,505.491,268.132,277.116,678.294,569.144,262.115,2662.387
27-08-2019,103.473,506.555,281.248,270.958,676.197,572.697,266.427,2677.555
29-08-2019,100.589,505.279,262.298,271.403,681.306,564.731,268.624,2654.23
30-08-2019,99.797,508.765,261.741,265.16,689.369,558.375,268.057,2651.264
31-08-2019,98.588,508.759,256.309,272.46,666.565,537.946,264.176,2604.803
01-09-2019,100.49,511.416,254.265,272.154,665.013,527.852,256.594,2587.784
02-09-2019,102.656,511.151,271.582,290.179,670.067,546.594,261.062,2653.291
03-09-2019,104.501,512.675,271.886,276.008,677.529,557.636,264.869,2665.104
04-09-2019,104.248,519.639,273.502,268.137,677.346,561.817,268.417,2673.106
05-09-2019,103.271,518.968,270.788,267.243,687.386,566.673,267.522,2681.851
06-09-2019,102.685,521.0,261.917,255.233,696.473,571.472,266.939,2675.719
07-09-2019,101.885,522.955,249.895,246.369,684.45,567.235,263.117,2635.906
08-09-2019,101.644,521.68,242.84,246.149,669.658,558.513,262.744,2603.228
09-09-2019,97.345,528.177,242.735,257.84,683.484,587.623,266.509,2663.713
10-09-2019,98.201,525.777,238.058,266.334,685.745,576.672,271.087,2661.874
11-09-2019,99.253,531.547,242.483,266.862,666.032,585.984,277.608,2669.769
12-09-2019,98.868,537.754,241.381,272.71,664.866,585.4,278.079,2679.058
13-09-2019,105.287,541.319,238.592,280.368,662.283,584.233,277.383,2689.465
14-09-2019,103.687,536.366,226.028,275.109,653.472,565.724,286.961,2647.347
15-09-2019,103.724,548.043,227.223,267.569,638.891,550.346,292.514,2628.31
16-09-2019,110.78,553.437,251.869,282.084,648.838,584.692,296.552,2728.252
17-09-2019,110.699,547.881,249.079,279.81,668.234,605.394,276.706,2737.803
18-09-2019,110.085,549.922,247.635,273.855,671.974,609.313,281.208,2743.992
19-09-2019,99.921,532.898,249.187,272.93,692.055,625.46,283.633,2756.084
20-09-2019,107.94,530.759,248.448,278.288,699.941,643.934,281.739,2791.049
21-09-2019,107.299,538.978,257.654,273.578,697.828,622.875,279.427,2777.639
22-09-2019,106.301,539.539,255.979,274.958,699.163,617.001,290.927,2783.868
23-09-2019,109.248,546.629,262.258,286.159,728.01,672.147,292.722,2897.173
24-09-2019,111.952,542.575,268.027,278.923,723.252,697.002,291.927,2913.658
25-09-2019,110.999,545.604,258.295,276.925,726.048,715.382,288.891,2922.144
26-09-2019,110.346,541.24,268.107,279.419,716.116,704.535,291.122,2910.885
28-09-2019,105.416,546.518,268.552,258.534,720.977,676.492,283.592,2860.081
29-09-2019,107.029,546.569,255.217,272.145,704.673,655.426,280.818,2821.877
30-09-2019,107.782,558.698,255.9,286.092,723.862,666.376,295.651,2894.361
01-10-2019,100.796,549.781,243.384,289.4,717.789,665.492,290.316,2856.958
02-10-2019,102.281,551.724,245.235,292.673,718.544,669.96,294.772,2875.189
03-10-2019,103.768,552.316,238.898,289.175,725.123,664.878,284.084,2858.242
04-10-2019,105.116,552.77,235.681,293.054,732.295,659.08,289.953,2867.949
05-10-2019,103.777,559.115,239.961,270.429,707.273,647.17,300.858,2828.583
06-10-2019,104.31,556.084,251.475,275.52,691.906,638.613,296.805,2814.713
07-10-2019,110.451,565.349,264.652,295.127,708.574,662.06,305.093,2911.306
08-10-2019,118.684,561.223,270.878,296.136,709.676,673.075,301.918,2931.59
09-10-2019,119.508,565.827,273.349,300.458,712.197,675.225,304.217,2950.781
10-10-2019,116.328,569.826,269.559,303.796,714.567,676.423,305.032,2955.531
11-10-2019,115.319,577.712,267.581,307.135,705.765,669.435,308.826,2951.773
12-10-2019,114.661,578.341,268.477,299.179,689.168,649.777,314.724,2914.327
13-10-2019,115.548,580.598,264.69,287.878,675.401,635.17,317.719,2877.004
14-10-2019,119.095,567.865,259.638,301.751,692.639,673.711,310.425,2925.124
15-10-2019,118.758,571.518,263.143,304.673,711.262,663.983,303.978,2937.315
16-10-2019,119.744,567.125,257.934,301.992,731.632,665.445,305.057,2948.929
17-10-2019,121.629,570.253,265.221,279.608,740.578,668.921,308.992,2955.202
18-10-2019,118.853,577.238,265.004,278.823,742.912,673.681,312.563,2969.074
19-10-2019,118.028,578.807,266.968,275.719,736.981,645.831,314.969,2937.303
20-10-2019,117.917,583.214,262.076,263.298,728.645,637.37,310.814,2903.334
21-10-2019,120.398,594.499,266.772,311.665,721.016,650.506,314.397,2979.253
22-10-2019,120.811,595.587,264.972,308.962,727.515,651.972,308.876,2978.695
23-10-2019,120.932,596.983,266.062,307.438,724.602,649.164,309.413,2974.594
24-10-2019,121.415,589.915,264.011,314.486,729.506,652.644,307.095,2979.072
25-10-2019,122.573,582.011,260.89,311.801,744.68,650.867,313.715,2986.537
26-10-2019,123.71,575.486,265.755,305.936,741.558,632.054,312.146,2956.645
28-10-2019,126.42,578.529,272.464,305.818,753.463,651.997,314.322,3003.013
29-10-2019,127.604,573.925,277.024,310.764,753.969,672.926,320.896,3037.108
30-10-2019,126.925,577.376,283.404,324.118,745.81,702.444,321.824,3081.901
31-10-2019,124.889,581.668,297.626,337.002,752.352,721.235,315.95,3130.722
01-11-2019,124.222,588.539,306.283,338.474,744.951,729.921,314.056,3146.446
02-11-2019,124.498,585.465,308.214,318.888,748.829,715.582,311.784,3113.26
03-11-2019,123.209,592.544,304.688,337.878,728.269,691.844,312.418,3090.85
04-11-2019,125.772,596.589,302.733,340.998,722.229,684.697,314.688,3087.706
05-11-2019,129.724,594.754,305.443,329.215,751.756,718.357,313.15,3142.399
06-11-2019,129.568,601.696,298.957,305.331,755.165,724.061,311.408,3126.186
07-11-2019,134.122,598.504,294.166,326.073,739.302,702.708,313.562,3108.437
08-11-2019,132.783,598.298,286.837,339.361,748.57,715.875,312.711,3134.435
09-11-2019,132.88,601.138,289.255,346.364,740.539,703.965,312.858,3126.999
10-11-2019,132.468,615.473,288.869,351.541,712.945,691.331,308.938,3101.565
11-11-2019,136.271,634.062,294.991,352.152,751.013,705.128,318.198,3191.815
12-11-2019,133.241,630.847,290.723,349.035,755.499,702.679,320.021,3182.045
13-11-2019,133.137,628.609,293.156,351.117,763.342,698.788,319.652,3187.801
14-11-2019,136.663,637.066,303.079,351.561,763.94,692.669,315.381,3200.359
15-11-2019,140.362,645.123,303.091,357.437,769.549,708.058,308.627,3232.247
16-11-2019,143.029,647.111,296.027,359.543,742.254,716.78,301.564,3206.308
17-11-2019,142.272,644.72,294.382,352.208,719.705,697.464,302.953,3153.704
18-11-2019,148.596,651.224,308.405,352.296,766.818,712.198,302.783,3242.32
19-11-2019,148.058,652.148,313.157,360.05,775.88,713.706,305.559,3268.558
20-11-2019,147.041,655.589,318.686,373.348,790.834,710.726,306.143,3302.367
21-11-2019,146.728,667.053,336.856,374.931,794.176,725.923,317.029,3362.696
22-11-2019,145.173,666.163,348.972,374.915,787.779,726.901,336.519,3386.422
23-11-2019,141.079,650.566,344.178,363.82,772.003,724.246,334.818,3330.71
24-11-2019,144.119,635.704,339.674,343.783,770.313,721.548,337.936,3293.077
25-11-2019,146.96,650.816,340.021,371.646,790.806,759.347,326.852,3386.448
27-11-2019,148.827,663.478,341.914,363.719,779.954,757.966,328.512,3384.37
28-11-2019,150.229,672.613,341.383,363.904,773.69,752.467,327.934,3382.22
29-11-2019,149.783,667.716,325.486,358.473,781.871,736.595,333.857,3353.781
30-11-2019,148.327,655.847,315.941,361.075,758.108,705.681,328.995,3273.974
01-12-2019,145.319,653.355,310.616,312.923,749.56,722.668,333.088,3227.529
02-12-2019,148.526,659.416,311.687,343.135,766.167,757.242,333.978,3320.151
03-12-2019,147.99,656.352,315.967,353.858,771.547,771.832,327.291,3344.837
04-12-2019,152.34,658.407,319.527,335.682,786.903,775.302,334.699,3362.86
05-12-2019,153.884,664.142,322.023,327.64,771.402,758.239,335.171,3332.501
06-12-2019,153.864,657.998,321.218,319.106,781.69,753.493,337.421,3324.79
07-12-2019,150.972,646.509,312.096,311.562,786.101,725.448,341.491,3274.179
08-12-2019,149.574,637.713,303.815,306.202,771.495,722.344,339.222,3230.365
09-12-2019,150.437,638.365,317.316,313.771,795.7,721.74,343.622,3280.951
10-12-2019,146.354,637.23,312.073,320.958,803.441,721.472,348.293,3289.821
11-12-2019,150.208,644.001,311.903,326.928,792.349,724.149,347.758,3297.296
12-12-2019,150.88,641.403,316.654,344.51,798.528,710.181,352.069,3314.225
13-12-2019,150.129,641.768,319.712,350.025,811.166,712.675,349.135,3334.61
14-12-2019,148.668,643.297,301.962,342.212,804.197,734.173,336.127,3310.636
15-12-2019,147.024,647.406,295.984,330.618,789.748,718.455,335.685,3264.92
16-12-2019,146.955,657.051,297.517,342.355,773.908,723.449,332.653,3273.888
17-12-2019,146.989,660.494,297.382,330.199,796.959,726.995,348.918,3307.936
18-12-2019,150.798,657.211,293.592,328.581,799.619,724.641,347.675,3302.117
19-12-2019,153.161,651.524,285.392,325.629,790.139,740.104,344.955,3290.904
20-12-2019,153.115,652.154,290.035,333.239,782.706,740.98,353.883,3306.112
21-12-2019,152.909,653.264,286.215,329.873,782.219,736.947,356.197,3297.624
22-12-2019,151.762,648.007,282.813,325.844,771.73,726.962,351.721,3258.839
23-12-2019,155.186,656.303,291.335,334.189,804.743,722.575,349.61,3313.941
24-12-2019,154.086,658.813,291.938,334.242,799.416,711.131,350.602,3300.228
25-12-2019,153.761,662.037,294.633,342.684,796.404,711.593,349.334,3310.446
27-12-2019,157.561,681.166,290.626,343.203,790.267,714.961,359.792,3337.576
28-12-2019,157.245,685.201,286.928,348.543,784.124,712.0,364.712,3338.753
29-12-2019,156.371,674.975,283.414,345.662,780.66,696.456,364.085,3301.623
30-12-2019,155.652,653.502,292.563,356.041,783.043,703.409,348.95,3293.16
31-12-2019,156.021,645.865,289.382,328.235,738.991,678.273,346.015,3182.782
01-01-2020,142.815,604.256,255.209,303.515,677.088,649.505,332.001,2964.389
02-01-2020,144.348,612.193,275.465,312.788,711.986,661.045,335.763,3053.588
03-01-2020,146.399,618.46,280.553,318.728,715.785,658.548,349.842,3088.315
04-01-2020,148.009,623.455,286.669,311.337,710.72,664.851,356.587,3101.628
05-01-2020,147.281,622.164,286.58,304.27,718.915,667.126,362.86,3109.196
06-01-2020,146.32,628.308,288.616,306.952,729.93,662.322,370.458,3132.906
07-01-2020,143.287,624.037,286.063,313.938,729.084,667.608,364.849,3128.866
08-01-2020,143.84,632.547,294.921,314.06,749.079,683.95,362.869,3181.266
09-01-2020,145.981,641.045,305.459,325.06,778.789,706.964,360.423,3263.721
10-01-2020,145.277,652.347,309.404,324.66,767.154,708.943,367.408,3275.193
11-01-2020,141.841,655.963,299.738,320.607,763.646,701.89,369.822,3253.507
12-01-2020,143.551,650.4,299.465,321.613,754.045,688.718,353.917,3211.709
13-01-2020,147.771,658.852,308.589,332.619,778.49,710.972,358.27,3295.563
14-01-2020,151.087,655.966,303.849,319.645,776.506,710.991,360.909,3278.953
15-01-2020,151.713,653.345,307.074,328.24,786.772,708.327,348.605,3284.076
16-01-2020,151.731,654.023,310.596,328.152,787.376,707.438,349.96,3289.276
17-01-2020,150.212,650.27,313.79,325.626,785.936,712.67,348.27,3286.774
18-01-2020,146.316,638.102,308.056,313.119,771.366,704.026,359.522,3240.507
19-01-2020,146.055,635.205,298.283,311.375,749.452,694.495,354.81,3189.675
20-01-2020,150.191,653.29,309.245,328.069,795.472,712.479,360.83,3309.576
21-01-2020,148.472,653.714,314.07,323.884,800.501,708.997,353.146,3302.784
22-01-2020,147.154,653.003,312.441,328.835,789.148,707.616,360.419,3298.616
23-01-2020,147.574,652.284,311.537,334.587,785.994,703.988,364.622,3300.586
24-01-2020,147.418,639.799,316.695,335.524,797.36,704.381,364.148,3305.325
26-01-2020,144.859,633.195,303.646,324.695,754.684,651.761,368.703,3181.543
27-01-2020,144.567,653.709,315.769,338.776,776.34,687.625,367.666,3284.452
28-01-2020,143.416,648.396,309.859,341.034,794.478,699.176,370.257,3306.616
29-01-2020,142.602,646.607,308.696,341.684,808.565,694.375,372.47,3314.999
30-01-2020,141.401,659.354,308.595,334.456,805.134,691.197,375.758,3315.895
31-01-2020,143.209,676.363,302.896,332.023,784.117,699.718,369.897,3308.223
01-02-2020,144.687,681.222,291.227,306.899,760.365,686.352,363.449,3234.201
02-02-2020,144.187,676.037,288.87,297.364,751.016,665.915,357.858,3181.247
03-02-2020,148.035,677.226,307.947,300.476,787.649,699.222,365.919,3286.474
04-02-2020,143.389,665.895,303.665,297.051,781.523,706.515,371.667,3269.705
05-02-2020,141.68,657.62,305.293,308.825,770.921,718.701,368.322,3271.362
06-02-2020,140.97,654.399,302.093,319.406,779.834,734.777,360.056,3291.535
07-02-2020,144.556,656.907,312.23,326.724,794.804,739.259,351.982,3326.462
08-02-2020,146.83,652.831,312.138,322.687,774.034,723.801,346.91,3279.231
09-02-2020,146.649,644.884,312.261,316.142,773.338,703.407,340.847,3237.528
10-02-2020,148.952,661.742,334.413,313.989,810.105,716.987,344.124,3330.312
11-02-2020,145.721,664.347,336.855,313.3,802.718,716.94,342.876,3322.757
12-02-2020,142.199,669.675,331.145,311.254,793.15,717.922,341.314,3306.659
13-02-2020,137.796,664.014,330.232,314.81,799.363,713.775,343.278,3303.268
14-02-2020,142.15,662.313,325.174,315.707,796.502,708.604,343.756,3294.206
15-02-2020,141.672,657.939,310.134,306.272,779.886,685.798,339.414,3221.115
16-02-2020,141.424,655.683,305.054,296.622,774.079,674.962,332.46,3180.284
17-02-2020,143.213,664.674,325.019,307.604,778.407,702.762,342.465,3264.144
18-02-2020,141.357,655.561,315.286,301.519,772.882,707.245,343.889,3237.739
19-02-2020,140.463,655.792,310.64,299.692,765.69,706.62,337.695,3216.592
20-02-2020,138.823,646.673,305.775,298.104,753.458,713.93,342.408,3199.171
21-02-2020,140.097,640.629,307.365,300.244,756.95,704.465,341.211,3190.961
22-02-2020,137.754,628.047,293.523,283.221,753.89,683.54,338.498,3118.473
23-02-2020,133.695,625.115,287.919,290.105,736.152,667.612,323.509,3064.107
25-02-2020,131.901,631.541,299.854,303.695,767.378,709.96,336.744,3181.073
26-02-2020,132.601,629.736,300.49,309.443,773.527,714.697,339.016,3199.51
27-02-2020,133.943,632.211,291.012,307.72,775.735,711.43,335.64,3187.691
28-02-2020,135.352,636.461,292.494,312.31,769.778,707.758,337.298,3191.451
29-02-2020,133.391,627.2,289.644,288.061,752.069,688.786,331.196,3110.347
01-03-2020,133.115,624.637,279.662,287.134,727.838,665.227,324.841,3042.454
02-03-2020,134.969,623.988,295.132,298.607,758.262,692.84,333.595,3137.393
03-03-2020,133.389,634.559,295.864,303.453,753.29,693.584,329.413,3143.552
04-03-2020,136.02,636.736,289.853,295.756,755.247,690.887,328.986,3133.485
05-03-2020,136.242,630.075,290.23,294.643,756.026,686.281,328.937,3122.434
06-03-2020,132.8,629.326,297.102,298.719,767.358,680.629,319.615,3125.549
07-03-2020,133.764,624.533,281.358,291.147,759.234,652.353,315.691,3058.08
08-03-2020,130.437,619.453,252.181,283.945,707.94,635.862,319.326,2949.144
09-03-2020,132.357,625.624,252.996,283.206,714.202,653.952,316.563,2978.9
10-03-2020,134.051,626.134,267.907,295.305,734.039,683.741,319.756,3060.933
11-03-2020,133.034,623.499,266.853,298.871,735.176,678.663,321.24,3057.336
12-03-2020,132.794,616.916,269.5,299.121,737.825,675.505,321.816,3053.477
13-03-2020,136.2,611.258,278.693,297.353,730.735,681.959,310.933,3047.131
14-03-2020,135.139,600.118,271.304,303.263,705.696,677.392,291.514,2984.426
15-03-2020,132.887,596.429,272.492,316.696,689.064,671.628,300.629,2979.825
16-03-2020,132.961,593.735,289.578,318.044,727.067,696.411,328.499,3086.295
17-03-2020,124.38,587.313,294.648,322.666,733.106,664.966,329.989,3057.068
18-03-2020,119.743,590.973,300.955,326.288,732.739,652.705,321.162,3044.565
19-03-2020,117.961,587.129,299.046,318.411,735.72,663.814,318.536,3040.617
20-03-2020,121.525,589.735,296.254,328.312,724.346,668.37,322.676,3051.218
21-03-2020,123.848,591.289,285.692,323.592,698.14,662.806,330.849,3016.216
22-03-2020,125.317,582.793,270.581,360.776,670.408,647.262,320.886,2978.023
23-03-2020,126.659,586.014,292.57,357.203,722.602,687.791,315.866,3088.705
24-03-2020,125.292,595.777,301.34,351.268,746.663,661.627,319.984,3101.951
26-03-2020,125.129,598.167,293.631,344.349,722.554,658.982,290.603,3033.415
27-03-2020,125.724,582.603,288.927,343.914,708.595,637.868,299.215,2986.846
28-03-2020,125.049,577.137,282.477,340.525,677.42,582.295,300.362,2885.265
29-03-2020,122.365,567.945,274.529,336.15,661.456,559.918,290.792,2813.155
30-03-2020,116.979,562.582,273.929,332.41,676.129,581.522,298.628,2842.179
31-03-2020,118.206,561.598,275.545,333.139,658.611,589.932,299.306,2836.337
01-04-2020,121.384,554.181,279.166,337.706,669.281,569.905,292.895,2824.518
02-04-2020,121.656,550.82,284.099,332.537,679.968,567.93,290.862,2827.872
03-04-2020,123.08,532.317,279.511,331.23,683.421,561.541,291.752,2802.852
04-04-2020,126.874,532.759,271.711,330.245,679.725,547.386,293.288,2781.988
05-04-2020,125.167,529.513,270.327,319.801,679.702,563.19,292.095,2779.795
06-04-2020,121.791,533.28,276.35,328.527,689.687,589.983,294.343,2833.961
07-04-2020,122.889,534.168,269.67,334.922,692.217,575.239,295.735,2824.84
08-04-2020,120.917,548.079,275.909,326.765,693.521,565.798,297.653,2828.642
09-04-2020,120.466,552.98,276.985,325.208,693.738,548.182,297.761,2815.32
10-04-2020,118.378,558.219,275.501,328.07,677.422,545.555,298.304,2801.449
11-04-2020,115.567,556.829,269.863,327.278,664.421,553.907,291.431,2779.296
12-04-2020,113.837,544.668,269.625,321.504,651.227,553.872,285.605,2740.338
13-04-2020,115.26,550.355,273.574,326.959,668.068,567.231,295.313,2796.76
14-04-2020,116.68,545.115,274.317,322.301,672.611,569.519,294.118,2794.661
15-04-2020,116.008,544.94,273.017,323.067,679.036,572.799,299.311,2808.178
16-04-2020,116.732,545.745,274.497,330.961,688.064,584.001,299.828,2839.828
17-04-2020,115.792,550.462,275.029,335.427,674.393,575.477,293.359,2819.939
18-04-2020,118.696,551.534,260.218,335.086,658.231,571.239,298.358,2793.362
19-04-2020,116.517,536.343,245.622,328.751,627.204,545.24,291.754,2691.431
20-04-2020,120.95,541.945,270.999,335.6,661.433,565.979,279.305,2776.211
21-04-2020,122.557,540.337,282.588,337.076,648.579,561.944,281.032,2774.113
22-04-2020,121.69,528.105,285.282,339.756,649.385,558.684,279.743,2762.645
23-04-2020,117.173,517.742,286.311,350.455,652.877,563.867,279.001,2767.426
25-04-2020,115.831,510.204,276.288,346.514,666.155,532.244,274.121,2721.357
26-04-2020,113.867,498.02,272.657,341.994,645.241,521.629,263.7,2657.108
27-04-2020,113.658,510.813,280.738,341.334,653.83,546.447,268.323,2715.143
28-04-2020,115.302,511.065,280.526,338.775,637.869,549.607,272.281,2705.425
29-04-2020,111.726,509.055,275.949,335.172,631.723,557.104,275.727,2696.456
30-04-2020,110.723,505.608,266.724,321.404,626.722,546.814,281.711,2659.706
01-05-2020,114.291,498.673,244.836,307.952,597.44,509.71,268.912,2541.814
02-05-2020,111.718,499.392,244.446,305.804,586.889,491.801,263.723,2503.773
03-05-2020,109.693,500.497,245.219,305.412,579.482,467.96,262.673,2470.936
04-05-2020,111.474,509.297,241.473,295.498,601.453,470.588,263.716,2493.499
05-05-2020,111.748,514.618,241.742,298.217,585.193,470.803,262.191,2484.512
06-05-2020,111.554,513.554,248.575,297.5,576.712,470.252,259.532,2477.679
07-05-2020,111.658,515.696,249.037,291.165,570.644,465.179,259.882,2463.261
08-05-2020,110.948,518.807,250.516,290.345,575.508,459.943,257.948,2464.015
09-05-2020,106.731,510.092,250.709,287.273,540.957,443.496,249.218,2388.476
10-05-2020,103.898,504.404,248.862,290.122,529.729,455.561,245.51,2378.086
11-05-2020,95.894,504.112,250.143,290.908,560.15,451.609,247.468,2400.284
12-05-2020,97.747,501.246,251.153,294.265,574.314,480.719,250.515,2449.959
13-05-2020,98.037,500.959,250.483,299.19,577.747,480.27,272.816,2479.502
14-05-2020,97.143,495.985,250.771,297.549,585.034,475.58,286.783,2488.845
15-05-2020,105.585,496.722,252.173,300.64,602.29,474.235,282.788,2514.433
16-05-2020,106.803,497.253,253.273,280.406,598.567,467.626,264.841,2468.769
17-05-2020,103.971,490.169,250.267,274.525,569.992,469.685,262.599,2421.208
18-05-2020,104.719,491.879,254.079,280.626,601.318,519.573,266.446,2518.64
19-05-2020,107.097,483.829,256.116,276.314,611.048,531.347,258.343,2524.094
20-05-2020,106.031,484.503,251.935,273.716,612.86,530.812,264.421,2524.278
21-05-2020,108.399,484.354,246.024,270.683,621.9,537.307,269.768,2538.435
22-05-2020,107.119,484.542,250.181,273.125,616.249,547.178,274.344,2552.738
23-05-2020,107.79,484.481,251.679,267.767,610.625,498.429,269.929,2490.7
25-05-2020,104.765,485.255,254.407,273.398,595.69,519.663,267.312,2500.49
26-05-2020,104.655,485.169,259.237,271.327,597.546,517.608,248.022,2483.564
27-05-2020,103.637,490.174,258.923,273.055,596.875,504.771,245.563,2472.998
28-05-2020,104.158,490.155,259.442,266.117,595.718,495.818,241.937,2453.345
29-05-2020,101.479,490.819,257.243,270.665,591.521,501.229,242.402,2455.358
30-05-2020,98.379,488.664,253.242,261.672,551.309,486.267,234.943,2374.476
31-05-2020,97.353,496.348,251.476,261.019,540.466,490.172,227.337,2364.171
01-06-2020,99.467,502.511,255.51,279.146,591.973,502.77,247.053,2478.43
02-06-2020,99.182,497.002,249.369,277.466,596.781,516.29,244.536,2480.626
03-06-2020,101.665,493.614,250.029,278.718,590.24,525.479,242.148,2481.893
04-06-2020,102.813,490.489,251.487,277.552,585.358,522.75,242.28,2472.729
05-06-2020,102.861,496.542,252.335,274.623,573.038,516.619,237.805,2453.823
06-06-2020,99.234,495.963,252.837,273.909,536.026,482.166,238.996,2379.131
07-06-2020,97.847,492.181,253.697,274.596,519.418,465.312,234.424,2337.475
08-06-2020,100.604,496.872,260.96,282.395,572.026,491.529,240.753,2445.139
09-06-2020,103.211,500.4,266.409,277.228,577.808,496.012,246.088,2467.156
10-06-2020,102.752,492.348,270.754,280.515,590.507,499.906,252.875,2489.657
11-06-2020,104.378,495.824,277.207,280.262,584.991,498.088,253.337,2494.087
12-06-2020,99.785,499.581,267.703,273.439,553.298,472.891,246.663,2413.36
13-06-2020,99.754,493.814,260.462,267.813,554.361,475.456,233.142,2384.802
14-06-2020,96.647,492.694,253.784,266.229,545.539,472.169,229.703,2356.765
15-06-2020,101.091,493.637,263.761,269.297,564.218,510.563,239.591,2442.158
16-06-2020,102.819,493.911,267.058,272.199,560.281,518.02,240.258,2454.546
17-06-2020,103.044,503.247,269.908,263.62,576.825,520.364,243.683,2480.691
18-06-2020,102.908,496.24,264.05,257.115,581.196,538.626,244.036,2484.171
19-06-2020,100.681,498.531,270.578,252.681,577.235,537.37,242.82,2479.896
20-06-2020,100.129,482.469,267.481,249.052,586.968,501.691,229.189,2416.979
21-06-2020,103.399,479.152,266.135,241.997,565.419,497.751,221.09,2374.943
22-06-2020,102.368,487.162,271.767,265.496,589.65,523.178,236.806,2476.427
24-06-2020,103.866,483.391,263.898,275.176,583.081,507.609,232.488,2449.509
25-06-2020,103.056,477.444,273.869,254.76,592.778,531.628,243.383,2476.918
26-06-2020,100.407,482.717,267.046,256.823,594.988,538.205,243.691,2483.877
27-06-2020,99.761,481.527,266.166,256.287,584.858,504.768,229.607,2422.974
28-06-2020,99.032,486.886,259.454,272.104,564.766,490.672,229.198,2402.112
29-06-2020,100.517,486.127,270.19,280.193,593.911,513.24,245.751,2489.929
30-06-2020,102.364,479.631,268.896,279.396,587.016,516.532,248.28,2482.115
01-07-2020,99.658,486.943,267.53,273.555,560.709,506.63,244.144,2439.169
02-07-2020,99.563,494.374,280.332,268.334,569.923,531.353,247.503,2491.382
03-07-2020,98.835,494.987,288.052,268.847,583.43,536.577,248.912,2519.64
04-07-2020,97.478,491.263,286.31,255.992,581.038,515.781,240.234,2468.096
05-07-2020,97.104,485.131,286.239,257.079,574.009,500.831,234.421,2434.814
06-07-2020,100.622,487.223,301.027,270.814,604.019,548.101,241.229,2553.035
07-07-2020,99.769,492.698,311.809,272.841,598.818,562.243,247.169,2585.347
08-07-2020,98.182,488.639,305.768,269.598,601.558,557.675,245.492,2566.912
09-07-2020,99.371,486.088,294.34,271.831,576.899,541.871,246.998,2517.398
10-07-2020,98.461,488.471,286.577,262.719,593.557,543.631,239.34,2512.756
11-07-2020,95.497,487.249,278.095,252.552,584.871,503.131,241.176,2442.571
12-07-2020,94.782,481.812,271.52,259.842,583.351,502.896,243.329,2437.532
13-07-2020,96.789,493.852,287.747,271.617,600.795,538.438,242.411,2531.649
14-07-2020,96.684,488.419,282.093,274.414,600.412,547.65,234.563,2524.235
15-07-2020,100.04,490.003,280.479,276.163,601.767,530.3,239.389,2518.141
16-07-2020,102.429,487.715,280.254,282.611,608.664,532.611,231.069,2525.353
17-07-2020,102.616,487.953,281.77,273.429,614.914,527.469,229.444,2517.595
18-07-2020,101.372,487.401,275.741,256.228,600.781,513.323,213.711,2448.557
19-07-2020,100.254,488.305,279.332,251.021,597.175,504.692,203.199,2423.978
20-07-2020,101.8,496.168,288.535,273.013,602.755,548.697,213.114,2524.082
21-07-2020,101.413,502.047,288.52,269.534,589.826,544.174,215.784,2511.298
22-07-2020,102.327,503.942,285.033,273.433,588.881,543.593,216.175,2513.384
24-07-2020,101.687,504.303,279.848,271.19,580.372,537.343,220.008,2494.751
25-07-2020,99.028,500.433,277.188,251.104,573.128,516.717,219.177,2436.775
26-07-2020,99.039,484.427,274.876,245.047,576.816,509.509,216.188,2405.902
27-07-2020,99.237,480.57,291.007,263.401,600.117,547.134,219.35,2500.816
28-07-2020,101.54,476.948,293.684,264.751,600.013,552.184,218.587,2507.707
29-07-2020,101.584,484.715,286.054,274.789,608.638,560.699,221.622,2538.101
30-07-2020,104.507,487.326,287.201,269.465,611.544,558.908,223.611,2542.562
31-07-2020,102.876,490.212,286.982,265.508,599.937,553.449,220.769,2519.733
01-08-2020,100.475,495.005,271.208,245.666,583.684,516.405,221.706,2434.149
02-08-2020,99.825,492.5,256.458,244.025,576.747,519.674,221.249,2410.478
03-08-2020,100.559,494.692,262.337,253.558,604.092,553.88,221.527,2490.645
04-08-2020,99.359,492.737,264.091,256.533,611.686,555.474,222.507,2502.387
05-08-2020,100.207,493.469,268.712,265.291,608.708,560.989,223.11,2520.486
06-08-2020,100.093,496.957,275.432,267.022,609.399,582.982,224.769,2556.654
07-08-2020,98.35,491.489,286.51,261.21,625.273,585.02,227.201,2575.053
08-08-2020,95.876,485.949,286.064,256.572,602.989,561.164,222.398,2511.012
09-08-2020,95.943,484.017,283.392,245.984,591.564,540.693,219.076,2460.669
10-08-2020,15.4,75.708,41.52,36.882,90.2,79.557,34.622,373.889
