DATES,Natural gas,Coal,Solar,Petroleum,Wind,Other,Nuclear,Hydro
01/01/2019,2688195,2548957,104281,53020,678656,175290,2475369,805858
01/02/2019,3570605,2827246,105843,45882,461627,196685,2485356,905004
01/03/2019,3566144,2729826,109920,42939,671262,198985,2488783,870783
01/04/2019,3490990,2681310,111123,61083,610732,195438,2472195,842546
01/05/2019,3063824,2512868,68113,54236,650914,185428,2444462,826207
01/06/2019,2485201,2202452,95462,53095,1318665,189819,2440791,795177
01/07/2019,2969537,2391107,108881,58452,1134480,184049,2461522,884394
01/08/2019,2912406,2340983,99995,59444,1090515,182411,2475432,875374
01/09/2019,3273026,2703650,106383,84570,796805,176344,2475167,898708
01/10/2019,3528652,3053049,121694,106712,846976,186213,2462895,911828
01/11/2019,3454310,3202239,105192,107051,738726,186086,2466577,930896
01/12/2019,3022973,2997064,71099,87447,795672,187598,2472228,843824
01/13/2019,3360883,3092714,90383,93564,355611,183996,2461703,832632
01/14/2019,3955221,3349830,48540,110107,294425,190635,2463550,936774
01/15/2019,3737252,3434431,52921,100942,502875,203611,2481128,883504
01/16/2019,3509472,3406470,96937,144585,582624,189171,2447023,831401
01/17/2019,3468943,3348667,72229,113245,471561,192867,2477074,846053
01/18/2019,2724967,3136610,108628,65859,1040183,200133,2478247,779219
01/19/2019,2600730,3025015,115611,70735,1070223,205371,2489086,716527
01/20/2019,3068650,3419824,97279,92590,768898,218811,2501400,722414
01/21/2019,3426143,3735011,131079,155813,1373745,248046,2502952,879225
01/22/2019,3144231,3732046,134643,152823,1134885,215977,2498293,846994
01/23/2019,3292635,3422016,130902,92430,835406,181788,2498278,749473
01/24/2019,3303879,3180119,135924,94207,1011728,165642,2503050,768762
01/25/2019,3627097,3457901,153959,115065,602766,180679,2496248,826221
01/26/2019,3301924,3393762,146366,77156,541535,186562,2498806,771076
01/27/2019,2989458,3177268,122006,60510,787745,187342,2508138,737588
01/28/2019,3104977,3123111,114810,88954,1267750,175452,2508167,806205
01/29/2019,3833300,3518194,127772,104774,844772,166132,2507668,847163
01/30/2019,4232092,3885468,126122,131387,661771,220708,2500993,890762
01/31/2019,4049614,3993513,116219,156752,682287,236741,2477603,899060
02/01/2019,3597387,3574495,114200,103580,597399,219977,2480777,818717
02/02/2019,2926820,2654263,85517,85693,1132957,174253,2501823,758149
02/03/2019,2531015,2320574,103299,53859,1208595,182340,2467678,740953
02/04/2019,2969860,2521004,111486,64299,982510,185394,2444176,842526
02/05/2019,3239388,2794706,113172,109973,606003,180399,2440216,829996
02/06/2019,3337004,2772637,132974,89033,611116,178920,2447041,811450
02/07/2019,3338421,2716366,159905,85375,812459,188930,2446815,826642
02/08/2019,3862770,2848767,151236,101029,761705,188742,2456843,861322
02/09/2019,3738498,2921570,114092,93878,828442,188793,2471403,785015
02/10/2019,3662519,2944515,113573,88200,588625,190089,2449895,784789
02/11/2019,3582624,2965200,133716,95133,761568,182117,2448492,820716
02/12/2019,3662973,2713013,115060,88815,926502,189709,2447959,815150
02/13/2019,3506845,2617968,78813,92050,1250953,192574,2449209,821725
02/14/2019,3377704,2508367,81997,83913,1204043,178074,2446181,839875
02/15/2019,3222842,2577922,106156,88188,953514,174909,2440683,831546
02/16/2019,3202838,2766722,126267,83212,585093,188963,2441871,783524
02/17/2019,3223104,2689273,119143,79228,691761,196363,2440367,793931
02/18/2019,3838985,2944918,139583,91541,675167,201413,2401955,809494
02/19/2019,4392066,3142281,144754,97201,458192,199691,2389009,837372
02/20/2019,4063476,2933506,103660,97641,837357,183883,2376779,844652
02/21/2019,3691129,2754724,93012,83764,927279,191931,2373191,839229
02/22/2019,3748674,2794527,141256,80167,557279,196591,2370418,880600
02/23/2019,3145674,2444515,143763,80498,1007554,193430,2341028,820113
02/24/2019,3106918,2389389,156702,77811,985958,183815,2316958,755761
02/25/2019,3611952,2690736,170232,108189,1022724,183159,2302183,848059
02/26/2019,3774503,2852968,128637,95063,676657,175016,2317825,855109
02/27/2019,3729356,2844756,116637,78977,674085,182149,2324643,877392
02/28/2019,3701964,2549685,142078,92398,311609,201625,2301555,843910
03/01/2019,3917253,2890942,106167,79269,416570,206031,2349293,868325
03/02/2019,3337401,2880082,114905,54093,602125,211223,2288753,854769
03/03/2019,3225958,2886503,122948,56068,941190,186647,2283391,831521
03/04/2019,4200706,3388574,146564,70390,834782,196010,2303495,931392
03/05/2019,4218289,3539864,127669,97526,781654,193302,2297204,968853
03/06/2019,3976962,3442692,140001,113885,921699,201624,2291846,985852
03/07/2019,3587904,3256174,158039,109483,858373,210245,2292252,934215
03/08/2019,3404220,3014313,144144,109837,674297,192549,2287302,924514
03/09/2019,2880103,2411889,149327,92612,1129902,169178,2269634,887813
03/10/2019,2917480,2242795,123950,88162,870351,147773,2109194,746924
03/11/2019,3508432,2548052,119533,119964,471361,165667,2161353,843710
03/12/2019,3242743,2450266,146632,83203,1147564,173357,2185709,836830
03/13/2019,3061204,2301471,181903,94933,1280416,181780,2183440,809095
03/14/2019,3020246,2143837,200360,90756,1239926,169401,2167515,842650
03/15/2019,3109718,2189339,187419,72375,1056615,171466,2149047,852809
03/16/2019,3112605,2306167,191741,90784,505510,168105,2168847,843822
03/17/2019,3141429,2351529,209059,92378,355411,163344,2177358,845858
03/18/2019,3531448,2583542,202424,99333,399857,188389,2164403,906651
03/19/2019,3405829,2455813,166335,92781,712292,193689,2190246,897087
03/20/2019,3431712,2459795,117899,71982,671296,200502,2191308,885740
03/21/2019,3422926,2482129,157119,74269,521038,189559,2208503,852974
03/22/2019,3052094,2289914,193985,72578,975135,159945,2222304,883290
03/23/2019,2901597,2053327,189596,58589,889909,144921,2173941,828705
03/24/2019,2957309,2023668,204359,51351,636116,135706,2169023,817377
03/25/2019,3499813,2215677,201110,73539,494417,147110,2163007,905003
03/26/2019,3498412,2248703,179622,83349,659258,147991,2166289,880205
03/27/2019,3179281,2076571,166946,54575,1217918,145254,2165575,888118
03/28/2019,3085950,2034324,207917,70114,1131256,140926,2132006,882588
03/29/2019,3129495,2044844,209203,77285,807983,136203,2114283,872297
03/30/2019,2651221,1836317,188385,78815,1084484,132607,2099683,822045
03/31/2019,3002409,2036712,189245,83424,722432,136847,2101602,784828
04/01/2019,3647374,2293990,190706,94758,757151,157612,2068974,877464
04/02/2019,3425653,2334088,170613,92328,935940,167976,2077726,834898
04/03/2019,3109837,2199060,200926,85357,1059779,179970,2085530,799141
04/04/2019,3390768,2165976,176265,87160,758408,179191,2100229,814154
04/05/2019,3348772,2175737,156621,100547,755461,177438,2119424,822946
04/06/2019,2938664,1960597,185131,85257,863954,178547,2059536,796698
04/07/2019,2836778,1833962,181618,80105,896086,169606,2060260,806800
04/08/2019,3485069,2141297,180270,84876,610618,179890,2057079,938704
04/09/2019,3201224,2116200,172510,89353,928246,182562,2083888,938912
04/10/2019,2899279,1964196,216455,78803,1419388,186741,2100091,943355
04/11/2019,2989593,2022819,188508,75144,1245157,181415,2138972,960344
04/12/2019,3067467,2072752,183119,69872,976820,184304,2135527,928389
04/13/2019,2777478,1968553,194897,79266,956445,174988,2098789,865502
04/14/2019,2791095,1960984,174107,67404,922510,174908,2083572,849435
04/15/2019,2916768,1985906,207303,77372,1197444,177938,2081063,942646
04/16/2019,2925474,2037742,179718,83376,1127865,175572,2079905,965874
04/17/2019,2922904,1953309,230063,78394,1175004,181250,2106814,899223
04/18/2019,2996219,1874989,231032,79716,1181699,186153,2113333,986391
04/19/2019,3113095,1821869,187074,65630,793429,185757,2122571,935649
04/20/2019,2660298,1602023,199123,39385,1090099,165744,2123168,898598
04/21/2019,2360363,1488854,197218,37342,1191230,160719,2102818,908388
04/22/2019,3025844,1764327,213473,54029,1026588,184712,2083494,1054451
04/23/2019,3349740,1969070,227259,56946,704034,184570,2074044,1046781
04/24/2019,3532523,2107109,232473,59787,449381,192407,2083068,1091731
04/25/2019,3484460,1981058,227460,46459,680059,190414,2087916,1120342
04/26/2019,3224015,1866033,220858,51269,1020760,181457,2074859,1061289
04/27/2019,2690524,1730668,229667,58443,1221911,175339,2099744,948769
04/28/2019,2789740,1762753,214228,56006,1080934,183844,2116939,981097
04/29/2019,3343242,2031376,172624,73902,988306,198355,2126528,1034472
04/30/2019,3633397,2155241,218932,86807,720006,209350,2123941,1025517
05/01/2019,3723394,2195440,227646,103230,608998,207296,2119796,990084
05/02/2019,3627470,2202012,213591,93394,662843,201129,2122069,994879
05/03/2019,3608373,2222166,218650,79769,489979,198916,2116315,980166
05/04/2019,3292417,2145769,225324,83198,361323,187729,2102000,920672
05/05/2019,2947581,1943964,196489,78136,690203,184510,2119409,890111
05/06/2019,3270991,2144518,216795,97094,793283,190689,2152561,983712
05/07/2019,3330874,2205370,216130,99970,882170,192150,2194694,961340
05/08/2019,3287483,2162542,218544,63268,1018999,186060,2222174,959700
05/09/2019,3224169,2192431,193856,81384,1045495,193382,2209453,994311
05/10/2019,3330186,2302752,145239,89956,511899,185381,2229385,1054904
05/11/2019,3084250,2003923,207313,54176,429918,177763,2238347,1001074
05/12/2019,2931511,1943507,190775,77934,446783,179159,2239429,978107
05/13/2019,3312734,2162207,220520,81018,611850,187852,2230895,1064862
05/14/2019,3358911,2162418,235153,86090,575047,183705,2255190,1052167
05/15/2019,3338091,2260025,190497,86462,598440,183462,2273176,1102314
05/16/2019,3176581,2210192,185514,79181,1054345,190868,2277818,1111440
05/17/2019,3121049,2215187,198985,67077,1310661,198152,2263802,1074171
05/18/2019,3014270,2151378,208716,69979,1035460,191503,2258438,1076315
05/19/2019,3179304,2141331,169639,61444,868245,191799,2269491,1033062
05/20/2019,3452937,2369564,188417,82425,1119688,206142,2304017,1057176
05/21/2019,3288167,2247743,204461,63297,1182192,199784,2348225,1032139
05/22/2019,3470293,2345726,183935,62973,1083566,206706,2316943,1018538
05/23/2019,3643949,2504855,170737,80776,1050153,206067,2321125,1044125
05/24/2019,3678212,2535716,227313,74893,1009030,209130,2327161,1000731
05/25/2019,3247116,2393870,223912,78879,1043666,215051,2351474,945987
05/26/2019,3257357,2423770,178260,81411,939045,202576,2323774,964899
05/27/2019,3230791,2366743,186512,59541,1123598,204405,2328771,968367
05/28/2019,3750891,2684241,224956,84735,1017291,238237,2343658,1024276
05/29/2019,3988010,2812523,233542,97466,673940,235663,2337736,1040343
05/30/2019,4107403,2760740,227106,102220,441327,243631,2359534,1060071
05/31/2019,4195176,2706575,223114,98501,409898,223587,2364980,1088054
06/01/2019,3698156,2429509,233754,91732,629995,219080,2298479,1015810
06/02/2019,3672710,2439805,218318,96134,531560,199330,2324433,974189
06/03/2019,3913374,2492280,240954,93980,727978,202682,2363196,993679
06/04/2019,3969626,2503422,236717,90481,788465,214731,2347870,1005142
06/05/2019,4403371,2714184,220128,110520,480324,211144,2326111,1054391
06/06/2019,4476310,2785278,226130,110322,392887,207018,2323749,1071042
06/07/2019,4228229,2611271,217943,99156,658393,216318,2334150,1001927
06/08/2019,3690296,2184705,224105,73392,839565,201017,2345996,963853
06/09/2019,3543787,2080913,212078,59567,934885,191054,2371151,963516
06/10/2019,4156089,2390872,207967,79117,698788,212376,2378296,1050097
06/11/2019,4229201,2393863,219759,77884,586870,203152,2383342,1015942
06/12/2019,4084616,2195112,224417,54919,703193,202939,2397932,999039
06/13/2019,3869705,2191010,225704,63062,823791,188093,2399148,983314
06/14/2019,3416363,2027175,244992,57933,1322491,180137,2390156,913126
06/15/2019,3528124,2094179,248907,77813,965408,184388,2376758,905495
06/16/2019,3758955,2278820,230879,88441,514823,192465,2381803,847827
06/17/2019,4473882,2712662,222961,102628,347518,213196,2382031,944688
06/18/2019,4462225,2860525,228325,115103,448287,213577,2386020,949800
06/19/2019,4571055,2902483,233997,106436,523959,221228,2392089,946181
06/20/2019,4456213,2768323,240944,98394,838100,224755,2403330,968841
06/21/2019,4148070,2556618,248770,76389,1192233,227442,2433201,972442
06/22/2019,3864246,2343873,241776,86146,937207,208170,2465935,881956
06/23/2019,3870137,2367560,249233,96222,798065,202466,2462366,837809
06/24/2019,4486169,2696717,252539,102381,666604,216864,2471509,934922
06/25/2019,4543737,2845720,232203,102210,826183,216637,2466088,935230
06/26/2019,4689153,3009616,246189,122496,771235,217883,2443596,924093
06/27/2019,4741660,3106971,250701,131012,869764,205291,2443282,912784
06/28/2019,4916280,3121913,244231,120696,727541,205124,2458443,912828
06/29/2019,4739218,3098655,205341,106186,548672,179704,2450724,807231
06/30/2019,4502494,2961983,225827,106228,626304,184422,2452987,799543
07/01/2019,5001265,3118917,257512,123064,672983,193092,2460591,874939
07/02/2019,5208531,3286456,252234,126346,724570,212921,2455975,797258
07/03/2019,5072642,3176226,247335,126358,739483,226899,2455602,854426
07/04/2019,4562936,2927375,241444,121219,772199,211795,2453849,784354
07/05/2019,4907931,3029724,240633,128651,707151,219566,2452223,835571
07/06/2019,4792049,3016846,233189,123732,564800,208022,2449753,802296
07/07/2019,4592135,3001303,203489,113692,483438,200393,2446464,770328
07/08/2019,4867522,3102474,237936,125399,662667,201307,2453730,828609
07/09/2019,5164306,3132661,235485,127063,682212,214026,2457015,842350
07/10/2019,5567390,3262212,245427,130236,661293,218157,2452976,833476
07/11/2019,5538879,3319786,227745,141995,464586,214310,2455414,857627
07/12/2019,5435069,3317902,221185,127386,349688,212805,2454350,805905
07/13/2019,5027011,3240503,221642,114078,400632,196725,2446093,791945
07/14/2019,4920046,3262792,241387,104758,429099,205769,2442775,773013
07/15/2019,5332803,3453410,252603,125918,574470,212741,2448770,808549
07/16/2019,5474874,3527556,245702,132802,706549,237356,2447716,849130
07/17/2019,5515107,3485492,243675,170257,974849,225819,2444510,846853
07/18/2019,5290440,3376473,246294,160997,1094907,234230,2445092,854756
07/19/2019,5381588,3510720,239495,164881,1156703,241945,2419476,867682
07/20/2019,5162324,3353263,248280,142393,1082616,240129,2405270,804651
07/21/2019,5227341,3297084,245859,121918,629120,236526,2389840,785178
07/22/2019,5225342,3282908,200735,102574,676796,221222,2392665,850839
07/23/2019,4877292,3107019,169818,105835,432385,194079,2398159,843116
07/24/2019,4817172,3016477,207892,107771,440943,205080,2397327,817923
07/25/2019,4788690,2858759,184069,107646,706420,209562,2422491,864053
07/26/2019,4895268,2881517,228643,97673,789542,206970,2444684,877333
07/27/2019,4793835,2864852,245864,104029,834822,194857,2433813,764274
07/28/2019,4925141,2862173,231333,100311,923019,207375,2400590,785013
07/29/2019,5652812,3175238,233912,128501,708054,209194,2404790,850528
07/30/2019,5686707,3208660,220550,137443,546325,220643,2424043,863674
07/31/2019,5489709,3024869,209871,124785,636216,224021,2419383,871299
08/01/2019,5324219,2999290,229592,132587,599940,237780,2406414,864418
08/02/2019,5268054,2916322,223898,138092,608842,220918,2417012,824948
08/03/2019,5183032,2880316,216786,135218,366787,210664,2388051,789401
08/04/2019,5281126,2877947,218780,138676,268441,214369,2355228,724952
08/05/2019,5704953,3081479,213468,177324,419506,236589,2363860,797431
08/06/2019,5764246,3201724,181659,188944,409094,249279,2392183,833501
08/07/2019,5577363,3200043,189099,167940,617170,237844,2411480,834828
08/08/2019,5355764,3188213,230454,136307,688518,230987,2444308,802847
08/09/2019,5347065,3136753,233906,117245,573351,229260,2459726,787151
08/10/2019,4824023,2907549,224473,109658,610019,215535,2464479,698215
08/11/2019,4686935,2834267,236322,117340,732879,213048,2435221,669055
08/12/2019,5584068,3192322,237890,142903,568103,233037,2416219,797234
08/13/2019,5784430,3392708,227557,122103,448413,228439,2410706,818693
08/14/2019,5674462,3298206,226093,115616,429729,233870,2417368,798438
08/15/2019,5487134,3224060,223657,116405,473607,230783,2445104,770496
08/16/2019,5261845,3123712,226217,108509,738773,230905,2418091,735422
08/17/2019,4917749,2985154,224365,92870,881347,221296,2380921,667953
08/18/2019,5000842,2998154,227605,91943,791399,220792,2380138,664301
08/19/2019,5723666,3319708,229566,116084,685245,234283,2378652,768909
08/20/2019,5628114,3341367,222881,124790,669901,233712,2370824,802395
08/21/2019,5567233,3290102,221531,135847,669570,237064,2443374,783231
08/22/2019,5499453,3178365,214429,114702,566387,240890,2446061,783768
08/23/2019,5084242,2772510,212781,100833,616215,218625,2451817,762728
08/24/2019,4510630,2366580,198561,82152,676818,207801,2450768,638571
08/25/2019,4243839,2294835,204036,81550,762574,200843,2446648,645996
08/26/2019,4772516,2585142,200361,99317,832572,207947,2436307,713599
08/27/2019,4820512,2679323,198461,96946,816217,214901,2409317,742007
08/28/2019,5095346,2728986,207344,110753,570325,217364,2408781,793948
08/29/2019,4924052,2622958,229540,97290,899170,221534,2416478,774980
08/30/2019,4864690,2673356,227043,107544,663462,218515,2427000,756149
08/31/2019,4583817,2429881,220990,96425,448402,201779,2422816,677174
09/01/2019,4585119,2445994,201789,103570,384905,180566,2408718,659940
09/02/2019,4774616,2600038,186714,108098,548762,171129,2415915,717220
09/03/2019,5158683,2816249,203298,118505,755977,183088,2417596,764313
09/04/2019,5466711,3000682,188880,130949,555790,190536,2419955,758507
09/05/2019,5215854,2909119,164078,117539,585080,180220,2393284,724747
09/06/2019,5049223,2848030,196285,117639,519979,173169,2380051,705362
09/07/2019,4566641,2668499,212063,115037,601316,173059,2340269,617379
09/08/2019,4219763,2576886,210291,93570,837552,177503,2321687,569800
09/09/2019,4661851,2812683,194578,111464,1016838,196375,2326948,653725
09/10/2019,4812424,3016463,202343,120371,994872,201198,2341399,657550
09/11/2019,5031613,3071243,206966,124310,998516,219026,2361487,676884
09/12/2019,5090804,3077140,214257,116537,839137,219467,2358207,693358
09/13/2019,4790005,2987515,193462,98716,696254,206065,2353898,658810
09/14/2019,4374436,2662804,198423,74620,720657,200295,2291144,629558
09/15/2019,4396815,2749642,184416,92051,648325,198841,2313027,605751
09/16/2019,4892928,3030381,176333,106047,764148,211516,2306329,670102
09/17/2019,4627525,2973117,210670,96722,900226,201080,2317515,612917
09/18/2019,4462527,2913762,208083,90793,786781,191552,2323020,639176
09/19/2019,4210548,2858817,207084,102861,666000,179210,2328809,633208
09/20/2019,4117095,2738670,214547,94178,845477,176532,2309928,615674
09/21/2019,3841799,2510955,209952,87394,1092635,181507,2229042,573390
09/22/2019,4167943,2644008,192718,105787,653263,194049,2217191,587148
09/23/2019,4750727,2951724,193176,113551,565940,204508,2217049,619661
09/24/2019,4498230,2730022,202144,105926,858477,182784,2191908,603655
09/25/2019,4511295,2735353,177915,110662,776121,189400,2181962,642861
09/26/2019,4486615,2796503,165740,105103,842683,193208,2183905,623676
09/27/2019,4105701,2750874,192785,98586,1091951,204384,2181253,603816
09/28/2019,3995351,2644948,188831,96989,946161,202897,2200237,580433
09/29/2019,3813846,2519704,184024,76740,1210795,219590,2180900,585967
09/30/2019,4344525,2756289,171460,109491,1225953,223631,2171317,648434
10/01/2019,4575283,2965123,205197,133024,1010735,226860,2169101,601341
10/02/2019,4930952,3071247,199045,136049,702850,236600,2181303,596629
10/03/2019,4583309,2875935,207466,120593,679799,212853,2202604,570476
10/04/2019,4308677,2568020,180139,109434,673705,196705,2208966,524649
10/05/2019,3830850,1959237,304862,87247,947635,198158,2100428,485625
10/06/2019,3801173,2010872,305992,95206,770122,189867,2088862,500663
10/07/2019,4132225,2308427,283897,117094,611386,203596,2065298,542392
10/08/2019,3751490,2116714,204101,98898,1027842,197961,2066636,532999
10/09/2019,3547825,2138922,204378,91864,1221184,194209,2088905,557909
10/10/2019,3746060,2191345,187038,105695,1161703,190708,2111949,565678
10/11/2019,3544678,2009401,188023,104520,1106414,179326,2084737,550392
10/12/2019,3271952,1699474,185107,81939,960087,188681,2039185,509052
10/13/2019,3346813,1735694,168125,73873,715240,197392,2040186,506095
10/14/2019,3923661,1986197,169750,91385,692712,193863,2036458,553034
10/15/2019,3939720,1894750,164450,70170,1014852,197292,2050353,556424
10/16/2019,3990919,2009581,135309,71253,728247,215271,2040089,555068
10/17/2019,3704703,1837226,180296,63278,1007846,209935,2018483,527519
10/18/2019,3411585,1755952,175839,59890,1263210,205424,1994024,541752
10/19/2019,3500101,1784996,154015,76856,782310,218935,1957389,524646
10/20/2019,3427470,1696247,155783,95091,1004318,212926,1979070,501425
10/21/2019,3749155,1860563,160297,82179,1074946,220048,1997365,546086
10/22/2019,3799511,1908709,157202,71140,1052147,218707,2003413,509363
10/23/2019,3490297,1952850,174172,84819,1006563,213662,2045252,549935
10/24/2019,3656742,2085013,161632,93039,910481,218682,2062303,569678
10/25/2019,3609477,2107557,153633,78556,841048,218057,2073765,552445
10/26/2019,3236976,1888919,160011,65219,863336,201071,2073078,544329
10/27/2019,3040887,1764046,145806,65828,1121960,195321,2086718,557137
10/28/2019,3706661,2177758,156501,99145,614938,195347,2081713,616126
10/29/2019,3818059,2322565,132994,88232,597938,192112,2085568,602889
10/30/2019,3756321,2298793,125815,84779,825908,192118,2091110,639832
10/31/2019,3954351,2360954,150922,86006,781910,196624,2093225,662565
11/01/2019,3653982,2226814,176147,74907,990276,187269,2094533,650994
11/02/2019,3399229,2184983,169408,62073,683864,182796,2100585,627481
11/03/2019,3216214,2160129,164033,71071,877938,194577,2188415,630609
11/04/2019,3513958,2371016,148881,71462,774794,188024,2089384,702043
11/05/2019,3695310,2536684,146402,88249,480111,191865,2110000,667321
11/06/2019,3521648,2490512,148295,67286,743573,196483,2142580,659151
11/07/2019,3636054,2616771,131733,79528,714197,202237,2147272,699183
11/08/2019,3839746,2722004,141532,55522,665554,199936,2171729,684716
11/09/2019,3399839,2615178,158614,62686,675152,179559,2165535,659848
11/10/2019,2981282,2335387,153280,47321,878756,176703,2177443,628622
11/11/2019,3325839,2538332,139540,61631,1121362,185816,2179306,642733
11/12/2019,4374500,2969714,118878,94048,816337,187057,2180493,681709
11/13/2019,4451262,3130563,136598,114115,867428,196129,2185562,705362
11/14/2019,4254878,3135493,102223,94267,545250,191777,2182349,667095
11/15/2019,3964930,2755223,99481,82228,767098,185753,2178215,633987
11/16/2019,3408503,2417882,117105,33228,1122606,197512,2116162,607696
11/17/2019,3410663,2514897,133296,51721,744244,198014,2134660,597456
11/18/2019,3810021,2643057,125338,74309,581670,203487,2135948,661616
11/19/2019,3621233,2599506,100874,75141,727856,202429,2155594,618377
11/20/2019,3371645,2329409,98720,57701,1226882,195977,2193416,631597
11/21/2019,3455933,2343597,119007,38422,1123186,192446,2233504,637459
11/22/2019,3623428,2371399,114833,56347,772629,194288,2297180,661178
11/23/2019,3339644,2256682,114600,24730,874608,200939,2316403,615535
11/24/2019,3216222,2201573,142059,21596,901022,193295,2333874,590032
11/25/2019,3380273,2211035,131402,33793,1202061,200114,2350619,686040
11/26/2019,3339334,2162684,126146,33795,1248793,207004,2359709,713009
11/27/2019,3358101,2092685,76416,34145,1246344,203654,2368633,673521
11/28/2019,3304646,2079199,88863,42055,757931,190008,2373923,662772
11/29/2019,3222651,2196806,117591,44034,651564,195306,2381340,709250
11/30/2019,3015949,1906422,94700,34407,1207896,195946,2399578,690910
12/01/2019,3233188,1978360,88240,45402,1058554,181969,2425287,664150
12/02/2019,4061836,2454359,109654,74390,732825,179713,2431213,738462
12/03/2019,4066261,2386206,95884,65135,1019853,182753,2434721,723602
12/04/2019,4020319,2449236,83064,56663,769367,176530,2448138,700816
12/05/2019,3795678,2330540,114424,56761,958863,181010,2366303,703664
12/06/2019,3830997,2409112,98750,55144,688862,182326,2355830,709767
12/07/2019,3511803,2144256,83540,39551,972643,174135,2343229,655740
12/08/2019,3281755,2176246,77355,43425,1030825,181809,2358380,635564
12/09/2019,3566649,2191392,94636,58660,1154593,188377,2330007,665835
12/10/2019,4051055,2335564,93133,90037,915488,177616,2326583,702834
12/11/2019,4467926,2551541,93442,90634,893773,195662,2348766,736549
12/12/2019,4310609,2649104,108157,91371,881905,188737,2346271,724097
12/13/2019,4082645,2601711,92969,87326,655070,187741,2358734,726184
12/14/2019,3554783,2339533,108030,71864,762634,181861,2351130,658387
12/15/2019,3442876,2386044,140296,79559,743001,184715,2362835,672039
12/16/2019,3905424,2576110,138118,94572,835856,189550,2375892,723065
12/17/2019,4231536,2574173,95782,92623,887608,186772,2384551,739423
12/18/2019,4024117,2923439,112080,96800,739884,697142,2360872,769113
12/19/2019,4321122,2779360,153291,102866,1135180,209012,2364113,736713
12/20/2019,4210389,2626643,133291,97618,1023835,182842,2377549,690768
12/21/2019,3948862,2256600,88963,66336,900932,169697,2367844,653776
12/22/2019,3811597,2213208,69882,46491,773639,163433,2373427,643087
12/23/2019,3864918,2088659,47799,82222,848443,163859,2390333,685992
12/24/2019,3284638,1825678,104616,90439,966736,146582,2411022,684140
12/25/2019,2998701,1756351,111716,81478,936606,141990,2418113,662157
12/26/2019,3492498,1912348,68084,88072,776955,144888,2411613,754997
12/27/2019,3443458,1919899,97121,90542,926789,145144,2343455,758055
12/28/2019,3204887,1745867,119276,89345,941958,142082,2344094,673010
12/29/2019,3134170,1648458,94085,78256,1106095,134225,2348365,669759
12/30/2019,3654593,1775131,96613,86792,1101531,138403,2371021,717219
12/31/2019,3740048,1809234,134471,93760,893645,144127,2295085,692828
01/01/2020,3170383,1601879,115390,78326,1364043,149115,2287092,635507
01/02/2020,3602145,1875959,109669,99622,988697,151169,2269036,721950
01/03/2020,3698877,1823915,111079,100786,832973,155394,2260011,705979
01/04/2020,3476414,1718718,120699,93886,858432,175705,2253084,669035
01/05/2020,3324649,1661626,145810,68404,1177360,175792,2274264,696703
01/06/2020,3853490,1924897,148344,94209,918922,188786,2304439,763446
01/07/2020,3903410,1971133,129213,99161,857443,188746,2317784,783174
01/08/2020,3397168,1971184,136042,94439,1422636,433226,2317670,774514
01/09/2020,3668179,1914890,124794,73664,1250676,199385,2322247,792972
01/10/2020,3495832,1742347,126709,86519,1106891,172834,2316939,786506
01/11/2020,3180466,1660583,112040,73731,1174114,163536,2290144,675277
01/12/2020,3298858,1797999,117985,73342,948201,188638,2301859,720411
01/13/2020,3665887,1919884,117733,101498,973885,200229,2311167,842981
01/14/2020,3707610,1917011,119107,95683,807925,194550,2309059,843203
01/15/2020,3287836,1803297,118152,83125,975100,528943,2308663,833995
01/16/2020,3858239,1969912,108873,92220,877992,199561,2311151,845093
01/17/2020,4053850,2053166,134376,91927,978074,204633,2320008,872110
01/18/2020,3637233,1948226,118850,74341,999089,202815,2316688,794301
01/19/2020,3818346,2168318,114164,76934,659403,195482,2320026,742481
01/20/2020,4663380,2783012,101187,102310,387839,216191,2323738,871486
01/21/2020,4428148,2664516,120907,98326,1056553,229235,2323472,838871
01/22/2020,3971039,2504817,146812,86231,1088322,611510,2320301,822548
01/23/2020,4244912,2315641,128628,100097,676857,208205,2292883,839110
01/24/2020,4041197,2052888,125855,97257,633118,188220,2286312,841273
01/25/2020,3604702,1840908,153047,89386,743569,183184,2279403,825049
01/26/2020,3788927,1902376,141174,86884,433428,187019,2282036,809183
01/27/2020,3993049,2032707,136420,97923,640254,182783,2303285,856320
01/28/2020,3923246,2099899,147663,111023,838665,190748,2300973,866604
01/29/2020,4503335,2155108,130996,104535,414363,198180,2303194,885308
01/30/2020,4639992,2107703,137798,103328,322470,189323,2300491,872569
01/31/2020,4369695,1961755,120085,91450,618681,193987,2281949,827472
02/01/2020,3913299,1594028,133725,75641,895357,164555,2266316,732375
02/02/2020,3313796,1451080,170796,55609,1168655,160433,2242856,762583
02/03/2020,3443246,1567750,163326,69003,1255604,161414,2242402,836095
02/04/2020,3619608,1674690,147528,77730,1091497,165797,2264854,863262
02/05/2020,4175621,1985929,125695,96885,720447,166095,2262258,860845
02/06/2020,4454495,2047398,144304,102866,674988,171123,2256537,869555
02/07/2020,4334288,1926368,175412,94564,786480,171947,2266262,922255
02/08/2020,3950900,1835919,169984,82223,876419,166734,2279389,898259
02/09/2020,3431377,1569933,163691,57686,1248207,164397,2243910,899380
02/10/2020,4128717,1896345,134300,80632,734080,171985,2211983,947586
02/11/2020,4178253,1853358,140602,70035,847625,170377,2207274,882258
02/12/2020,4240214,1876027,162630,72285,849645,170973,2195784,907661
02/13/2020,4412685,2048352,163560,92984,777679,169199,2166465,906138
02/14/2020,4453255,2142103,182660,89389,1081808,174508,2124246,942828
02/15/2020,3925992,1933692,191711,67410,1083708,170418,2104218,953811
02/16/2020,3676523,1796948,149941,82814,765221,158582,2113150,894963
02/17/2020,3673935,1869145,174126,84211,958512,165162,2128492,928360
02/18/2020,3793965,1880212,148680,80518,947465,170054,2179212,903674
02/19/2020,4290905,2181784,151202,87856,507119,171273,2173512,867667
02/20/2020,4508288,2260134,148974,91022,853281,159576,2170763,893384
02/21/2020,4540838,2190450,150561,60958,963417,162552,2198599,900810
02/22/2020,3778176,1821740,153359,57719,1234501,145046,2167194,824529
02/23/2020,3320234,1708278,174393,59496,1178633,143752,2142091,770004
02/24/2020,3668250,1857741,180439,79177,1024849,144703,2143654,856833
02/25/2020,3645917,1736591,177256,68078,1183451,140863,2134573,862995
02/26/2020,4020957,1986938,183220,84608,922659,142620,2111979,842305
02/27/2020,4254315,2203469,211559,101557,794919,144916,2117378,881375
02/28/2020,4300762,2208224,180520,101205,603777,150114,2116577,897144
02/29/2020,3509278,1758078,175428,76223,1267224,148534,2112070,818465
03/01/2020,3234085,1577414,174856,66364,1214889,156458,2114103,834727
03/02/2020,3678444,1792681,166034,81678,929639,153500,2116181,825557
03/03/2020,3659165,1688286,177339,75481,937284,163768,2110321,807110
03/04/2020,3729529,1684158,184965,86874,963992,168615,2066422,816021
03/05/2020,3732274,1606199,181316,69399,1147530,169586,2049189,849453
03/06/2020,3855277,1673421,216877,80591,983989,167009,2050152,850856
03/07/2020,3249556,1473171,196430,70726,1387563,165448,2029760,815642
03/08/2020,2952907,1328839,193910,61160,1391560,156370,1936466,669915
03/09/2020,3520653,1568582,185672,74022,1126280,164350,2098021,826528
03/10/2020,3902527,1685445,111560,95097,730511,161895,2026958,821435
03/11/2020,3880158,1705801,161011,92782,779748,160088,2026017,770104
03/12/2020,3735507,1635686,143297,70949,1112979,159733,2016023,784085
03/13/2020,3624935,1652978,147651,70362,1128296,166705,2002071,764532
03/14/2020,3731797,1770039,181888,63597,675017,164285,1945403,727718
03/15/2020,3692511,1773956,156479,80715,609674,165769,1959473,727339
03/16/2020,4255850,2008160,146293,81401,413580,169362,1970776,794607
03/17/2020,3999037,1890748,160272,76569,696501,169255,1975882,753325
03/18/2020,3611824,1898630,166091,95465,671412,519726,1976158,720866
03/19/2020,3676002,1696453,178702,99695,1140827,166617,2039792,706290
03/20/2020,3566180,1566352,190694,80259,1162999,152657,2060191,720747
03/21/2020,3678415,1670464,170057,72153,608205,153460,2018918,675228
03/22/2020,3646980,1588455,179849,67261,632640,148350,2021961,681555
03/23/2020,3968027,1848494,171539,109964,626594,149337,2012459,752122
03/24/2020,3882252,1687734,199581,86933,790970,148243,2006702,771582
03/25/2020,3790499,1616220,188573,91033,939832,150127,2006780,775028
03/26/2020,3589186,1571008,215993,101588,980738,155748,2031685,778024
03/27/2020,3587341,1527485,211956,105331,914997,144948,2046593,779953
03/28/2020,3141048,1282375,217427,55617,1306918,155963,2015275,758079
03/29/2020,3174355,1247561,191042,37634,1054136,159985,2021259,727303
03/30/2020,3369932,1364697,223611,72961,1033119,163774,2049878,768632
03/31/2020,3698785,1439280,188508,76144,728248,160837,2071697,795174
04/01/2020,3258918,1273236,202459,51378,1252432,175043,2015494,815365
04/02/2020,3195838,1286384,252407,45882,1221551,165540,1988688,785227
04/03/2020,3332860,1343660,236531,49824,1076586,165115,1997771,726187
04/04/2020,3386324,1400677,228810,77465,595812,167960,1956588,718600
04/05/2020,3241440,1263789,182569,81496,698662,158577,1959089,683032
04/06/2020,3352522,1330467,190451,88827,953072,169452,1955491,708897
04/07/2020,3526974,1394965,206532,96388,912585,181472,1980038,695400
04/08/2020,3775205,1457332,178882,92264,846304,179258,2002461,713630
04/09/2020,3630910,1394644,181525,68088,994619,175068,1980063,703121
04/10/2020,3319092,1271071,197905,73559,994909,179725,1983801,665412
04/11/2020,2966301,1169165,233209,64869,1142500,183366,1908468,622759
04/12/2020,2919580,1168954,197318,49671,1340803,182800,1910734,621223
04/13/2020,3411763,1326890,234494,57174,1160290,190548,1908091,709354
04/14/2020,3593544,1544645,254442,91123,790634,188659,1928188,702924
04/15/2020,3605739,1594470,254557,88848,734319,192231,1927640,764289
04/16/2020,3242413,1506647,238661,91492,1017351,203505,1959484,790889
04/17/2020,3416149,1478564,228090,83867,817379,200555,1991699,800330
04/18/2020,3001879,1252652,212611,54011,1100724,186725,1999244,712999
04/19/2020,3005573,1306572,214046,55489,896536,186968,1985630,734035
04/20/2020,3412954,1434995,204084,49771,756137,203081,1960449,794527
04/21/2020,3305626,1412705,259581,76771,995656,200812,1961929,760960
04/22/2020,3160772,1349717,276216,55651,1198499,183151,1984233,793925
04/23/2020,3474530,1472224,233786,69881,788032,184015,1990042,796934
04/24/2020,3376147,1377283,260978,67319,907464,177752,1985949,741314
04/25/2020,3186974,1299651,262710,65422,709020,169565,1994272,734794
04/26/2020,2915079,1224396,246581,68503,1018295,178152,2005890,761682
04/27/2020,3100372,1352578,280861,68878,1140053,184746,2000933,815037
04/28/2020,3222724,1308833,297703,65664,1158561,188083,2024166,848008
04/29/2020,3154017,1257700,257492,57517,1206779,186037,2039129,888371
04/30/2020,3210628,1327566,218723,82375,1026790,189731,2047459,863461
05/01/2020,2949598,1216687,280823,69197,1224821,189520,2022125,881844
05/02/2020,2793592,1247391,286194,78061,1169736,182218,1975578,843054
05/03/2020,3006768,1337997,277681,79442,916295,189181,1964535,842614
05/04/2020,3375467,1402204,311771,96988,1098447,202269,1958602,944259
05/05/2020,3515342,1475399,278781,119923,897540,204422,1956102,926964
05/06/2020,3439378,1539297,280309,127980,730541,208287,1999743,863546
05/07/2020,2947095,1366185,293863,111621,1153315,193581,2038784,912628
05/08/2020,3000329,1346355,261488,82715,1211922,179200,2062222,914458
05/09/2020,3020769,1338854,303840,61332,845138,183568,2036063,868455
05/10/2020,2779645,1212029,267040,49465,1021571,196726,2012100,807666
05/11/2020,3158290,1405635,292224,91471,987993,192864,2042431,866721
05/12/2020,3344505,1475517,291585,102346,728973,194138,2075957,876418
05/13/2020,3151717,1287808,270095,93241,1216824,186793,2075428,873009
05/14/2020,3417281,1362068,276969,99262,970188,197789,2096695,903518
05/15/2020,3547008,1382956,274533,91664,927826,206765,2092137,892695
05/16/2020,3456041,1434531,291780,80955,550176,204788,2084732,856802
05/17/2020,3255454,1386068,274775,48929,784125,202055,2130622,819494
05/18/2020,3437851,1509233,238533,78190,901979,195561,2150752,906672
05/19/2020,3378395,1504411,238237,70310,983693,205527,2131563,925819
05/20/2020,3218137,1482853,228965,71690,1102824,205922,2115980,916739
05/21/2020,3295431,1559251,266147,69802,1022620,206731,2117969,930771
05/22/2020,3545435,1650784,276765,95740,839214,208229,2116682,945717
05/23/2020,3289809,1459912,260052,104634,1060685,201562,2107051,937233
05/24/2020,3143357,1482260,262045,86658,990446,208831,2148822,945808
05/25/2020,3405176,1584323,255965,96660,698252,198147,2154875,947065
05/26/2020,4111600,1884252,268865,115735,564838,205293,2151559,950887
05/27/2020,4315836,2014418,261761,123475,488524,209774,2131663,987326
05/28/2020,4239647,1976185,262706,91988,750732,200169,2148243,1011171
05/29/2020,4296491,1953748,245391,100157,608883,203017,2135460,999188
05/30/2020,3766954,1690556,263774,76444,721247,200407,2122869,965650
05/31/2020,3296239,1549586,270266,50653,919531,193573,2120635,894000
06/01/2020,3724272,1712124,265571,66835,1016996,177983,2147268,942823
06/02/2020,4180171,2011944,239677,99686,1002149,177348,2184274,960689
06/03/2020,4764833,2363888,273055,114286,633015,183095,2209052,976945
06/04/2020,4777773,2500696,288231,109373,667460,187230,2230577,943051
06/05/2020,4652750,2496963,240455,106647,716273,195765,2235895,969321
06/06/2020,4105949,2171357,229842,82861,1173130,176136,2174899,900866
06/07/2020,3744984,1995042,228735,61939,1257445,174910,2187796,844541
06/08/2020,4226077,2220745,281018,84583,1216471,185099,2209674,880711
06/09/2020,4578156,2353593,293935,112087,1200191,188862,2213800,921201
06/10/2020,4767093,2297414,309855,84744,1026283,204710,2250425,922111
06/11/2020,4416194,2190580,286226,72026,1039260,187024,2259007,919032
06/12/2020,4227528,2201460,302215,89905,830111,184053,2295008,913146
06/13/2020,3440595,1817207,282874,59466,1254070,173465,2265010,797615
06/14/2020,3238134,1700061,288498,59384,1300144,169525,2275689,798378
06/15/2020,3788728,1988921,277093,83588,1164683,193540,2294843,840976
06/16/2020,3861645,1981763,275264,80077,1282448,212342,2300087,833297
06/17/2020,3906449,1977174,286131,104736,1365836,205028,2291290,839785
06/18/2020,4272344,2190613,302344,101004,1038415,215184,2340544,877861
06/19/2020,4614610,2290576,296860,120777,723114,222461,2275353,908048
06/20/2020,4586133,2203776,299879,101948,611790,210755,2240471,843612
06/21/2020,4354606,2133121,305912,88680,938010,210290,2254201,824167
06/22/2020,5013549,2505974,308911,117524,685334,225995,2221588,900059
06/23/2020,5008871,2485288,294670,109287,605256,212056,2266734,901937
06/24/2020,4929363,2510593,281651,96848,577796,211745,2237344,855941
06/25/2020,4875413,2389700,267384,113134,825169,211023,2245363,857655
06/26/2020,4825800,2326680,291216,111159,949335,227779,2263710,901053
06/27/2020,4560007,2226957,288055,118600,1054607,220622,2257625,829293
06/28/2020,4543562,2130913,276344,105627,1238675,226950,2282556,811325
06/29/2020,4964796,2354072,301806,116403,1316727,237467,2288149,890063
06/30/2020,4928517,2456325,291628,112291,1214120,226467,2290269,893372
07/01/2020,5095965,2558009,289507,112054,833151,226055,2294059,900269
07/02/2020,5276888,2647703,305983,119124,773332,242011,2286969,938280
07/03/2020,5251194,2722950,313389,123873,512952,226953,2288535,918566
07/04/2020,4997047,2693593,313226,112118,454409,223364,2292253,822864
07/05/2020,5057689,2764746,297848,115572,421470,243390,2286957,811148
07/06/2020,5605399,2912277,290975,141202,469723,246750,2280352,847397
07/07/2020,5536222,2929977,280081,147965,652403,234152,2278209,811709
07/08/2020,5584484,2943478,297165,139547,906538,244923,2274929,846228
07/09/2020,5701025,2963023,306204,149758,999075,248759,2274096,864520
07/10/2020,5645292,2965338,303163,120315,854729,236745,2277246,856236
07/11/2020,5337119,2859757,305184,92970,804723,234601,2281035,803047
07/12/2020,5104937,2726693,305396,93784,759018,221738,2283853,739501
07/13/2020,5524595,2803186,299552,97386,1000908,235001,2286330,810871
07/14/2020,5519917,2826387,298958,109524,940967,246817,2287080,815105
07/15/2020,5560933,2944641,294965,119691,755418,237746,2283706,821473
07/16/2020,5522814,2999324,307614,105832,711321,223436,2289270,793885
07/17/2020,5511808,2961378,308259,113544,976802,234916,2278794,747115
07/18/2020,5240062,2899042,309621,115187,1111034,229165,2245631,728006
07/19/2020,5435671,2968550,299720,108697,855986,240179,2236575,735165
07/20/2020,5971203,3194697,293422,138864,654012,254501,2221142,783781
07/21/2020,5889024,3157167,280581,131581,509839,245900,2190646,804355
07/22/2020,5734273,3123452,284151,137171,555225,242861,2187023,766167
07/23/2020,5586177,2982112,274417,112564,778063,252731,2190478,762982
07/24/2020,5468369,2853833,288457,109057,895128,243720,2175383,714554
07/25/2020,5187556,2759476,289461,115457,797382,244254,2197005,695306
07/26/2020,5342280,2879137,295672,113288,684262,249802,2203478,701376
07/27/2020,6005420,3186766,283731,132641,482834,241397,2196278,758204
07/28/2020,5948491,3096424,277640,142952,553214,232355,2196753,751191
07/29/2020,5826457,3060743,273084,147524,536430,239765,2202641,739096
07/30/2020,5706562,2944944,289477,110333,756330,229483,2230473,759999
07/31/2020,5715518,2807109,288600,106114,558327,223758,2252315,752935
08/01/2020,5273536,2674124,280082,93170,401735,222841,2267501,685214
08/02/2020,4978958,2565631,279305,72063,619203,227719,2284991,662495
